teamID,yearID,lgID,G,W,L,R,RA
BSN,1876,NL,70,39,31,471,450
CHN,1876,NL,66,52,14,624,257
CN1,1876,NL,65,9,56,238,579
HAR,1876,NL,69,47,21,429,261
LS1,1876,NL,69,30,36,280,344
NY3,1876,NL,57,21,35,260,412
PHN,1876,NL,60,14,45,378,534
SL3,1876,NL,64,45,19,386,229
BSN,1877,NL,61,42,18,419,263
CHN,1877,NL,60,26,33,366,375
CN1,1877,NL,58,15,42,291,485
HAR,1877,NL,60,31,27,341,311
LS1,1877,NL,61,35,25,339,288
SL3,1877,NL,60,28,32,284,318
BSN,1878,NL,60,41,19,298,241
CHN,1878,NL,61,30,30,371,331
CN1,1878,NL,61,37,23,333,281
IN1,1878,NL,63,24,36,293,328
ML2,1878,NL,61,15,45,256,386
PRO,1878,NL,62,33,27,353,337
BFN,1879,NL,79,46,32,394,365
BSN,1879,NL,84,54,30,562,348
CHN,1879,NL,83,46,33,437,411
CL2,1879,NL,82,27,55,322,461
CN1,1879,NL,81,43,37,485,464
PRO,1879,NL,85,59,25,612,355
SR1,1879,NL,71,22,48,276,462
TRN,1879,NL,77,19,56,321,543
BFN,1880,NL,85,24,58,331,502
BSN,1880,NL,86,40,44,416,456
CHN,1880,NL,86,67,17,538,317
CL2,1880,NL,85,47,37,387,337
CN1,1880,NL,83,21,59,296,472
PRO,1880,NL,87,52,32,419,299
TRN,1880,NL,83,41,42,392,438
WOR,1880,NL,85,40,43,412,370
BFN,1881,NL,83,45,38,440,447
BSN,1881,NL,83,38,45,347,410
CHN,1881,NL,84,56,28,550,380
CL2,1881,NL,85,36,48,392,414
DTN,1881,NL,84,41,43,440,429
PRO,1881,NL,85,47,37,447,426
TRN,1881,NL,85,39,45,399,427
WOR,1881,NL,83,32,50,410,492
BFN,1882,NL,84,45,39,500,461
BSN,1882,NL,85,45,39,472,414
CHN,1882,NL,84,55,29,604,353
CL2,1882,NL,84,42,40,402,411
DTN,1882,NL,86,42,41,407,488
PRO,1882,NL,84,52,32,463,356
TRN,1882,NL,85,35,48,430,522
WOR,1882,NL,84,18,66,379,652
BFN,1883,NL,98,52,45,614,576
BSN,1883,NL,98,63,35,669,456
CHN,1883,NL,98,59,39,679,540
CL2,1883,NL,100,55,42,476,443
DTN,1883,NL,101,40,58,524,650
NY1,1883,NL,98,46,50,530,577
PHI,1883,NL,99,17,81,437,887
PRO,1883,NL,98,58,40,636,436
BFN,1884,NL,114,64,47,700,626
BSN,1884,NL,116,73,38,684,468
CHN,1884,NL,112,62,50,834,647
CL2,1884,NL,113,35,77,458,716
DTN,1884,NL,114,28,84,445,736
NY1,1884,NL,116,62,50,693,623
PHI,1884,NL,113,39,73,549,824
PRO,1884,NL,114,84,28,665,388
BFN,1885,NL,112,38,74,495,761
BSN,1885,NL,113,46,66,528,589
CHN,1885,NL,113,87,25,834,470
DTN,1885,NL,108,41,67,514,582
NY1,1885,NL,112,85,27,691,370
PHI,1885,NL,111,56,54,513,511
PRO,1885,NL,110,53,57,442,531
SL5,1885,NL,111,36,72,390,593
BSN,1886,NL,118,56,61,657,661
CHN,1886,NL,126,90,34,900,555
DTN,1886,NL,126,87,36,829,538
KCN,1886,NL,123,30,91,494,872
NY1,1886,NL,124,75,44,692,558
PHI,1886,NL,119,71,43,621,498
SL5,1886,NL,126,43,79,547,712
WS8,1886,NL,122,28,92,445,791
BSN,1887,NL,127,61,60,834,792
CHN,1887,NL,127,71,50,813,716
DTN,1887,NL,127,79,45,969,710
IN3,1887,NL,127,37,89,628,965
NY1,1887,NL,129,68,55,816,723
PHI,1887,NL,128,75,48,901,702
PIT,1887,NL,125,55,69,621,750
WS8,1887,NL,126,46,76,601,825
BSN,1888,NL,137,70,64,669,619
CHN,1888,NL,135,77,58,734,659
DTN,1888,NL,134,68,63,721,629
IN3,1888,NL,136,50,85,603,731
NY1,1888,NL,137,84,47,659,479
PHI,1888,NL,131,69,61,535,509
PIT,1888,NL,138,66,68,534,580
WS8,1888,NL,136,48,86,482,731
BSN,1889,NL,133,83,45,826,626
CHN,1889,NL,136,67,65,867,814
CL4,1889,NL,136,61,72,656,720
IN3,1889,NL,135,59,75,819,894
NY1,1889,NL,131,83,43,935,708
PHI,1889,NL,130,63,64,742,748
PIT,1889,NL,134,61,71,726,801
WS8,1889,NL,127,41,83,632,892
BRO,1890,NL,129,86,43,884,620
BSN,1890,NL,134,76,57,763,593
CHN,1890,NL,139,83,53,847,692
CIN,1890,NL,134,77,55,753,633
CL4,1890,NL,136,44,88,630,832
NY1,1890,NL,135,63,68,713,698
PHI,1890,NL,133,78,53,823,707
PIT,1890,NL,138,23,113,597,1235
BRO,1891,NL,137,61,76,765,820
BSN,1891,NL,140,87,51,847,658
CHN,1891,NL,137,82,53,832,730
CIN,1891,NL,138,56,81,646,790
CL4,1891,NL,141,65,74,835,888
NY1,1891,NL,136,71,61,754,711
PHI,1891,NL,138,68,69,756,773
PIT,1891,NL,137,55,80,679,744
BLN,1892,NL,152,46,101,779,1020
BRO,1892,NL,158,95,59,935,733
BSN,1892,NL,152,102,48,862,649
CHN,1892,NL,146,70,76,635,735
CIN,1892,NL,155,82,68,766,731
CL4,1892,NL,152,93,56,855,613
LS3,1892,NL,154,63,89,649,804
NY1,1892,NL,152,71,80,811,826
PHI,1892,NL,155,87,66,860,690
PIT,1892,NL,152,80,73,802,796
SLN,1892,NL,155,56,94,703,922
WAS,1892,NL,153,58,93,731,869
BLN,1893,NL,130,60,70,820,893
BRO,1893,NL,130,65,63,775,845
BSN,1893,NL,131,86,43,1008,795
CHN,1893,NL,128,56,71,829,874
CIN,1893,NL,131,65,63,759,814
CL4,1893,NL,129,73,55,976,839
LS3,1893,NL,126,50,75,759,942
NY1,1893,NL,136,68,64,941,845
PHI,1893,NL,133,72,57,1011,841
PIT,1893,NL,131,81,48,970,766
SLN,1893,NL,135,57,75,745,829
WAS,1893,NL,130,40,89,722,1032
BLN,1894,NL,129,89,39,1171,819
BRO,1894,NL,135,70,61,1024,1020
BSN,1894,NL,133,83,49,1220,1002
CHN,1894,NL,136,57,75,1056,1080
CIN,1894,NL,134,55,75,936,1108
CL4,1894,NL,130,68,61,932,896
LS3,1894,NL,130,36,94,698,1019
NY1,1894,NL,139,88,44,962,801
PHI,1894,NL,132,71,57,1179,995
PIT,1894,NL,133,65,65,965,981
SLN,1894,NL,133,56,76,771,953
WAS,1894,NL,132,45,87,882,1122
BLN,1895,NL,131,87,43,1009,646
BRO,1895,NL,133,71,60,879,838
BSN,1895,NL,133,71,60,911,829
CHN,1895,NL,133,72,58,866,854
CIN,1895,NL,132,66,64,903,854
CL4,1895,NL,132,84,46,921,725
LS3,1895,NL,132,35,96,698,1090
NY1,1895,NL,132,66,65,852,834
PHI,1895,NL,133,78,53,1068,957
PIT,1895,NL,134,71,61,815,799
SLN,1895,NL,136,39,92,752,1036
WAS,1895,NL,133,43,85,840,1052
BLN,1896,NL,132,90,39,995,662
BRO,1896,NL,133,58,73,692,764
BSN,1896,NL,132,74,57,865,761
CHN,1896,NL,132,71,57,815,804
CIN,1896,NL,128,77,50,783,620
CL4,1896,NL,135,80,48,840,650
LS3,1896,NL,134,38,93,653,997
NY1,1896,NL,133,64,67,829,821
PHI,1896,NL,130,62,68,890,891
PIT,1896,NL,131,66,63,787,741
SLN,1896,NL,131,40,90,593,929
WAS,1896,NL,133,58,73,818,920
BLN,1897,NL,136,90,40,964,674
BRO,1897,NL,136,61,71,802,845
BSN,1897,NL,135,93,39,1025,665
CHN,1897,NL,138,59,73,832,894
CIN,1897,NL,134,76,56,763,705
CL4,1897,NL,130,69,62,773,680
LS3,1897,NL,135,52,78,675,869
NY1,1897,NL,137,83,48,901,696
PHI,1897,NL,133,55,77,752,792
PIT,1897,NL,134,60,71,676,835
SLN,1897,NL,133,29,102,592,1088
WAS,1897,NL,133,61,71,781,793
BLN,1898,NL,153,96,53,933,623
BRO,1898,NL,149,54,91,638,811
BSN,1898,NL,152,102,47,872,614
CHN,1898,NL,152,85,65,828,679
CIN,1898,NL,157,92,60,831,740
CL4,1898,NL,156,81,68,730,683
LS3,1898,NL,154,70,81,728,833
NY1,1898,NL,156,77,73,837,800
PHI,1898,NL,150,78,71,823,784
PIT,1898,NL,152,72,76,634,694
SLN,1898,NL,154,39,111,571,929
WAS,1898,NL,155,51,101,704,939
BLN,1899,NL,151,86,62,827,691
BRO,1899,NL,148,101,47,892,658
BSN,1899,NL,153,95,57,858,645
CHN,1899,NL,152,75,73,812,763
CIN,1899,NL,157,83,67,861,777
CL4,1899,NL,154,20,134,529,1252
LS3,1899,NL,156,75,77,833,782
NY1,1899,NL,152,60,90,741,868
PHI,1899,NL,154,94,58,916,743
PIT,1899,NL,155,76,73,841,771
SLN,1899,NL,155,84,67,819,739
WAS,1899,NL,155,54,98,743,983
BRO,1900,NL,141,82,54,816,722
BSN,1900,NL,142,66,72,778,739
CHN,1900,NL,146,65,75,635,751
CIN,1900,NL,144,62,77,703,745
NY1,1900,NL,141,60,78,713,823
PHI,1900,NL,141,75,63,810,792
PIT,1900,NL,140,79,60,733,612
SLN,1900,NL,141,65,75,744,748
BLA,1901,AL,134,68,65,760,750
BOS,1901,AL,138,79,57,759,608
CHA,1901,AL,137,83,53,819,631
CLE,1901,AL,138,54,82,666,831
DET,1901,AL,135,74,61,741,694
MLA,1901,AL,139,48,89,641,828
PHA,1901,AL,137,74,62,805,760
WS1,1901,AL,138,61,72,682,771
BRO,1901,NL,137,79,57,744,600
BSN,1901,NL,140,69,69,531,556
CHN,1901,NL,140,53,86,578,699
CIN,1901,NL,142,52,87,561,818
NY1,1901,NL,141,52,85,544,755
PHI,1901,NL,140,83,57,668,543
PIT,1901,NL,140,90,49,776,534
SLN,1901,NL,142,76,64,792,689
BLA,1902,AL,140,50,88,715,848
BOS,1902,AL,138,77,60,664,600
CHA,1902,AL,138,74,60,675,602
CLE,1902,AL,137,69,67,686,667
DET,1902,AL,137,52,83,566,657
PHA,1902,AL,137,83,53,775,636
SLA,1902,AL,139,78,58,619,607
WS1,1902,AL,138,61,75,707,790
BRO,1902,NL,141,75,63,564,519
BSN,1902,NL,141,73,64,572,516
CHN,1902,NL,143,68,69,544,505
CIN,1902,NL,141,70,70,633,566
NY1,1902,NL,141,48,88,405,604
PHI,1902,NL,138,56,81,484,649
PIT,1902,NL,141,103,36,775,440
SLN,1902,NL,140,56,78,517,695
BOS,1903,AL,141,91,47,708,504
CHA,1903,AL,138,60,77,516,613
CLE,1903,AL,140,77,63,639,579
DET,1903,AL,137,65,71,567,539
NYA,1903,AL,136,72,62,579,573
PHA,1903,AL,137,75,60,597,519
SLA,1903,AL,139,65,74,500,525
WS1,1903,AL,140,43,94,437,691
BRO,1903,NL,139,70,66,667,682
BSN,1903,NL,140,58,80,578,699
CHN,1903,NL,139,82,56,695,599
CIN,1903,NL,141,74,65,765,656
NY1,1903,NL,142,84,55,729,567
PHI,1903,NL,139,49,86,617,738
PIT,1903,NL,141,91,49,793,613
SLN,1903,NL,139,43,94,505,795
BOS,1904,AL,157,95,59,608,466
CHA,1904,AL,156,89,65,600,482
CLE,1904,AL,154,86,65,647,482
DET,1904,AL,162,62,90,505,627
NYA,1904,AL,155,92,59,598,526
PHA,1904,AL,155,81,70,557,503
SLA,1904,AL,156,65,87,481,604
WS1,1904,AL,157,38,113,437,743
BRO,1904,NL,154,56,97,497,614
BSN,1904,NL,155,55,98,491,749
CHN,1904,NL,156,93,60,597,517
CIN,1904,NL,157,88,65,695,547
NY1,1904,NL,157,106,47,744,474
PHI,1904,NL,155,52,100,571,784
PIT,1904,NL,156,87,66,675,592
SLN,1904,NL,154,75,79,602,595
BOS,1905,AL,153,78,74,579,565
CHA,1905,AL,158,92,60,612,451
CLE,1905,AL,155,76,78,564,587
DET,1905,AL,154,79,74,512,604
NYA,1905,AL,152,71,78,586,621
PHA,1905,AL,152,92,56,623,488
SLA,1905,AL,156,54,99,512,608
WS1,1905,AL,154,64,87,559,623
BRO,1905,NL,155,48,104,506,807
BSN,1905,NL,156,51,103,468,733
CHN,1905,NL,155,92,61,667,442
CIN,1905,NL,155,79,74,736,698
NY1,1905,NL,155,105,48,780,505
PHI,1905,NL,155,83,69,708,603
PIT,1905,NL,155,96,57,692,570
SLN,1905,NL,154,58,96,535,734
BOS,1906,AL,155,49,105,463,706
CHA,1906,AL,154,93,58,570,460
CLE,1906,AL,157,89,64,663,481
DET,1906,AL,151,71,78,518,598
NYA,1906,AL,155,90,61,640,543
PHA,1906,AL,149,78,67,561,539
SLA,1906,AL,154,76,73,560,499
WS1,1906,AL,151,55,95,519,665
BRO,1906,NL,153,66,86,496,625
BSN,1906,NL,152,49,102,408,649
CHN,1906,NL,154,116,36,704,381
CIN,1906,NL,155,64,87,533,582
NY1,1906,NL,152,96,56,625,509
PHI,1906,NL,154,71,82,528,564
PIT,1906,NL,154,93,60,623,470
SLN,1906,NL,154,52,98,470,607
BOS,1907,AL,155,59,90,466,558
CHA,1907,AL,157,87,64,588,474
CLE,1907,AL,158,85,67,531,525
DET,1907,AL,153,92,58,693,531
NYA,1907,AL,152,70,78,605,667
PHA,1907,AL,150,88,57,584,511
SLA,1907,AL,155,69,83,541,555
WS1,1907,AL,154,49,102,506,693
BRO,1907,NL,153,65,83,446,522
BSN,1907,NL,152,58,90,502,652
CHN,1907,NL,155,107,45,574,390
CIN,1907,NL,156,66,87,526,519
NY1,1907,NL,155,82,71,574,510
PHI,1907,NL,149,83,64,514,476
PIT,1907,NL,157,91,63,634,510
SLN,1907,NL,155,52,101,419,610
BOS,1908,AL,155,75,79,564,513
CHA,1908,AL,156,88,64,537,470
CLE,1908,AL,157,90,64,569,459
DET,1908,AL,154,90,63,647,547
NYA,1908,AL,155,51,103,460,713
PHA,1908,AL,157,68,85,486,562
SLA,1908,AL,155,83,69,544,483
WS1,1908,AL,155,67,85,479,539
BRO,1908,NL,154,53,101,375,516
BSN,1908,NL,156,63,91,537,622
CHN,1908,NL,158,99,55,624,461
CIN,1908,NL,155,73,81,488,543
NY1,1908,NL,157,98,56,651,455
PHI,1908,NL,155,83,71,504,445
PIT,1908,NL,155,98,56,585,468
SLN,1908,NL,154,49,105,372,626
BOS,1909,AL,152,88,63,601,549
CHA,1909,AL,159,78,74,492,464
CLE,1909,AL,155,71,82,493,532
DET,1909,AL,158,98,54,666,493
NYA,1909,AL,153,74,77,589,587
PHA,1909,AL,153,95,58,605,411
SLA,1909,AL,154,61,89,441,575
WS1,1909,AL,156,42,110,380,656
BRO,1909,NL,155,55,98,444,627
BSN,1909,NL,155,45,108,435,683
CHN,1909,NL,155,104,49,635,390
CIN,1909,NL,157,77,76,606,599
NY1,1909,NL,158,92,61,624,547
PHI,1909,NL,154,74,79,517,519
PIT,1909,NL,154,110,42,699,447
SLN,1909,NL,154,54,98,583,731
BOS,1910,AL,158,81,72,641,564
CHA,1910,AL,156,68,85,457,479
CLE,1910,AL,161,71,81,548,657
DET,1910,AL,155,86,68,679,584
NYA,1910,AL,156,88,63,626,557
PHA,1910,AL,155,102,48,674,442
SLA,1910,AL,158,47,107,451,743
WS1,1910,AL,157,66,85,501,551
BRO,1910,NL,156,64,90,497,623
BSN,1910,NL,157,53,100,495,701
CHN,1910,NL,154,104,50,712,499
CIN,1910,NL,156,75,79,620,684
NY1,1910,NL,155,91,63,715,567
PHI,1910,NL,157,78,75,674,639
PIT,1910,NL,154,86,67,655,576
SLN,1910,NL,153,63,90,639,718
BOS,1911,AL,153,78,75,680,643
CHA,1911,AL,154,77,74,719,624
CLE,1911,AL,156,80,73,691,712
DET,1911,AL,154,89,65,831,776
NYA,1911,AL,153,76,76,684,724
PHA,1911,AL,152,101,50,861,601
SLA,1911,AL,152,45,107,567,812
WS1,1911,AL,154,64,90,625,766
BRO,1911,NL,154,64,86,539,659
BSN,1911,NL,156,44,107,699,1021
CHN,1911,NL,157,92,62,757,607
CIN,1911,NL,159,70,83,682,706
NY1,1911,NL,154,99,54,756,542
PHI,1911,NL,153,79,73,658,669
PIT,1911,NL,155,85,69,744,557
SLN,1911,NL,158,75,74,671,745
BOS,1912,AL,154,105,47,799,544
CHA,1912,AL,158,78,76,639,648
CLE,1912,AL,155,75,78,677,681
DET,1912,AL,154,69,84,720,777
NYA,1912,AL,153,50,102,630,842
PHA,1912,AL,153,90,62,779,658
SLA,1912,AL,157,53,101,552,764
WS1,1912,AL,154,91,61,699,581
BRO,1912,NL,153,58,95,651,754
BSN,1912,NL,155,52,101,693,861
CHN,1912,NL,152,91,59,756,668
CIN,1912,NL,155,75,78,656,722
NY1,1912,NL,154,103,48,823,571
PHI,1912,NL,152,73,79,670,688
PIT,1912,NL,152,93,58,751,565
SLN,1912,NL,153,63,90,659,830
BOS,1913,AL,151,79,71,631,610
CHA,1913,AL,153,78,74,488,498
CLE,1913,AL,155,86,66,633,536
DET,1913,AL,153,66,87,624,716
NYA,1913,AL,153,57,94,529,668
PHA,1913,AL,153,96,57,794,592
SLA,1913,AL,155,57,96,528,642
WS1,1913,AL,155,90,64,596,561
BRO,1913,NL,152,65,84,595,613
BSN,1913,NL,154,69,82,641,690
CHN,1913,NL,155,88,65,720,630
CIN,1913,NL,156,64,89,607,717
NY1,1913,NL,156,101,51,684,515
PHI,1913,NL,159,88,63,693,636
PIT,1913,NL,155,78,71,673,585
SLN,1913,NL,153,51,99,528,755
BOS,1914,AL,159,91,62,589,510
CHA,1914,AL,157,70,84,487,560
CLE,1914,AL,157,51,102,538,709
DET,1914,AL,157,80,73,615,618
NYA,1914,AL,157,70,84,537,550
PHA,1914,AL,158,99,53,749,529
SLA,1914,AL,159,71,82,523,615
WS1,1914,AL,158,81,73,572,519
BRO,1914,NL,154,75,79,622,618
BSN,1914,NL,158,94,59,657,548
CHN,1914,NL,156,78,76,605,638
CIN,1914,NL,157,60,94,530,651
NY1,1914,NL,156,84,70,672,576
PHI,1914,NL,154,74,80,651,687
PIT,1914,NL,158,69,85,503,540
SLN,1914,NL,157,81,72,558,540
BOS,1915,AL,155,101,50,669,499
CHA,1915,AL,155,93,61,717,509
CLE,1915,AL,154,57,95,539,670
DET,1915,AL,156,100,54,778,597
NYA,1915,AL,154,69,83,584,588
PHA,1915,AL,154,43,109,545,888
SLA,1915,AL,159,63,91,521,680
WS1,1915,AL,155,85,68,569,491
BRO,1915,NL,154,80,72,536,560
BSN,1915,NL,157,83,69,582,545
CHN,1915,NL,156,73,80,570,620
CIN,1915,NL,160,71,83,516,585
NY1,1915,NL,155,69,83,582,628
PHI,1915,NL,153,90,62,589,463
PIT,1915,NL,156,73,81,557,520
SLN,1915,NL,157,72,81,590,601
BOS,1916,AL,156,91,63,550,480
CHA,1916,AL,155,89,65,601,497
CLE,1916,AL,157,77,77,630,602
DET,1916,AL,155,87,67,670,595
NYA,1916,AL,156,80,74,577,561
PHA,1916,AL,154,36,117,447,776
SLA,1916,AL,158,79,75,588,545
WS1,1916,AL,159,76,77,536,543
BRO,1916,NL,156,94,60,585,471
BSN,1916,NL,158,89,63,542,453
CHN,1916,NL,156,67,86,520,541
CIN,1916,NL,155,60,93,505,617
NY1,1916,NL,155,86,66,597,504
PHI,1916,NL,154,91,62,581,489
PIT,1916,NL,157,65,89,484,586
SLN,1916,NL,153,60,93,476,629
BOS,1917,AL,157,90,62,555,454
CHA,1917,AL,156,100,54,656,464
CLE,1917,AL,156,88,66,584,543
DET,1917,AL,154,78,75,639,577
NYA,1917,AL,155,71,82,524,558
PHA,1917,AL,154,55,98,529,691
SLA,1917,AL,155,57,97,510,687
WS1,1917,AL,157,74,79,543,566
BRO,1917,NL,156,70,81,511,559
BSN,1917,NL,157,72,81,536,552
CHN,1917,NL,157,74,80,552,567
CIN,1917,NL,157,78,76,601,611
NY1,1917,NL,158,98,56,635,457
PHI,1917,NL,154,87,65,578,500
PIT,1917,NL,157,51,103,464,595
SLN,1917,NL,154,82,70,531,567
BOS,1918,AL,126,75,51,474,380
CHA,1918,AL,124,57,67,457,446
CLE,1918,AL,129,73,54,504,447
DET,1918,AL,128,55,71,476,557
NYA,1918,AL,126,60,63,493,475
PHA,1918,AL,130,52,76,412,538
SLA,1918,AL,123,58,64,426,448
WS1,1918,AL,130,72,56,461,412
BRO,1918,NL,126,57,69,360,463
BSN,1918,NL,124,53,71,424,469
CHN,1918,NL,131,84,45,538,393
CIN,1918,NL,129,68,60,530,496
NY1,1918,NL,124,71,53,480,415
PHI,1918,NL,125,55,68,430,507
PIT,1918,NL,126,65,60,466,412
SLN,1918,NL,131,51,78,454,527
BOS,1919,AL,138,66,71,564,552
CHA,1919,AL,140,88,52,667,534
CLE,1919,AL,139,84,55,636,537
DET,1919,AL,140,80,60,618,578
NYA,1919,AL,141,80,59,578,506
PHA,1919,AL,140,36,104,457,742
SLA,1919,AL,140,67,72,533,567
WS1,1919,AL,142,56,84,533,570
BRO,1919,NL,141,69,71,525,513
BSN,1919,NL,140,57,82,465,563
CHN,1919,NL,140,75,65,454,407
CIN,1919,NL,140,96,44,577,401
NY1,1919,NL,140,87,53,605,470
PHI,1919,NL,138,47,90,510,699
PIT,1919,NL,139,71,68,472,466
SLN,1919,NL,138,54,83,463,552
BOS,1920,AL,154,72,81,650,698
CHA,1920,AL,154,96,58,794,665
CLE,1920,AL,154,98,56,857,642
DET,1920,AL,155,61,93,652,833
NYA,1920,AL,154,95,59,838,629
PHA,1920,AL,156,48,106,558,834
SLA,1920,AL,154,76,77,797,766
WS1,1920,AL,153,68,84,723,802
BRO,1920,NL,155,93,61,660,528
BSN,1920,NL,153,62,90,523,670
CHN,1920,NL,154,75,79,619,635
CIN,1920,NL,154,82,71,639,569
NY1,1920,NL,155,86,68,682,543
PHI,1920,NL,153,62,91,565,714
PIT,1920,NL,155,79,75,530,552
SLN,1920,NL,155,75,79,675,682
BOS,1921,AL,154,75,79,668,696
CHA,1921,AL,154,62,92,683,858
CLE,1921,AL,154,94,60,925,712
DET,1921,AL,154,71,82,883,852
NYA,1921,AL,153,98,55,948,708
PHA,1921,AL,155,53,100,657,894
SLA,1921,AL,154,81,73,835,845
WS1,1921,AL,154,80,73,704,738
BRO,1921,NL,152,77,75,667,681
BSN,1921,NL,153,79,74,721,697
CHN,1921,NL,153,64,89,668,773
CIN,1921,NL,153,70,83,618,649
NY1,1921,NL,153,94,59,840,637
PHI,1921,NL,154,51,103,617,919
PIT,1921,NL,154,90,63,692,595
SLN,1921,NL,154,87,66,809,681
BOS,1922,AL,154,61,93,598,769
CHA,1922,AL,155,77,77,691,691
CLE,1922,AL,155,78,76,768,817
DET,1922,AL,155,79,75,828,791
NYA,1922,AL,154,94,60,758,618
PHA,1922,AL,155,65,89,705,830
SLA,1922,AL,154,93,61,867,643
WS1,1922,AL,154,69,85,650,706
BRO,1922,NL,155,76,78,743,754
BSN,1922,NL,154,53,100,596,822
CHN,1922,NL,156,80,74,771,808
CIN,1922,NL,156,86,68,766,677
NY1,1922,NL,156,93,61,852,658
PHI,1922,NL,154,57,96,738,920
PIT,1922,NL,155,85,69,865,736
SLN,1922,NL,154,85,69,863,819
BOS,1923,AL,154,61,91,584,809
CHA,1923,AL,156,69,85,692,741
CLE,1923,AL,153,82,71,888,746
DET,1923,AL,155,83,71,831,741
NYA,1923,AL,152,98,54,823,622
PHA,1923,AL,153,69,83,661,761
SLA,1923,AL,154,74,78,688,720
WS1,1923,AL,155,75,78,720,747
BRO,1923,NL,155,76,78,753,741
BSN,1923,NL,155,54,100,636,798
CHN,1923,NL,154,83,71,756,704
CIN,1923,NL,154,91,63,708,629
NY1,1923,NL,153,95,58,854,679
PHI,1923,NL,155,50,104,748,1008
PIT,1923,NL,154,87,67,786,696
SLN,1923,NL,154,79,74,746,732
BOS,1924,AL,157,67,87,737,806
CHA,1924,AL,154,66,87,793,858
CLE,1924,AL,153,67,86,755,814
DET,1924,AL,156,86,68,849,796
NYA,1924,AL,153,89,63,798,667
PHA,1924,AL,152,71,81,685,778
SLA,1924,AL,153,74,78,769,809
WS1,1924,AL,156,92,62,755,613
BRO,1924,NL,154,92,62,717,675
BSN,1924,NL,154,53,100,520,800
CHN,1924,NL,154,81,72,698,699
CIN,1924,NL,153,83,70,649,579
NY1,1924,NL,154,93,60,857,641
PHI,1924,NL,152,55,96,676,849
PIT,1924,NL,153,90,63,724,588
SLN,1924,NL,154,65,89,740,750
BOS,1925,AL,152,47,105,639,922
CHA,1925,AL,154,79,75,811,770
CLE,1925,AL,155,70,84,782,817
DET,1925,AL,156,81,73,903,829
NYA,1925,AL,156,69,85,706,774
PHA,1925,AL,153,88,64,831,713
SLA,1925,AL,154,82,71,900,906
WS1,1925,AL,152,96,55,829,670
BRO,1925,NL,153,68,85,786,866
BSN,1925,NL,153,70,83,708,802
CHN,1925,NL,154,68,86,723,773
CIN,1925,NL,153,80,73,690,643
NY1,1925,NL,152,86,66,736,702
PHI,1925,NL,153,68,85,812,930
PIT,1925,NL,153,95,58,912,715
SLN,1925,NL,153,77,76,828,764
BOS,1926,AL,154,46,107,562,835
CHA,1926,AL,155,81,72,730,665
CLE,1926,AL,154,88,66,738,612
DET,1926,AL,157,79,75,793,830
NYA,1926,AL,155,91,63,847,713
PHA,1926,AL,150,83,67,677,570
SLA,1926,AL,155,62,92,682,845
WS1,1926,AL,152,81,69,802,761
BRO,1926,NL,155,71,82,623,705
BSN,1926,NL,153,66,86,624,719
CHN,1926,NL,155,82,72,682,602
CIN,1926,NL,157,87,67,747,651
NY1,1926,NL,151,74,77,663,668
PHI,1926,NL,152,58,93,687,900
PIT,1926,NL,157,84,69,769,689
SLN,1926,NL,156,89,65,817,678
BOS,1927,AL,154,51,103,597,856
CHA,1927,AL,153,70,83,662,708
CLE,1927,AL,153,66,87,668,766
DET,1927,AL,156,82,71,845,805
NYA,1927,AL,155,110,44,975,599
PHA,1927,AL,155,91,63,841,726
SLA,1927,AL,155,59,94,724,904
WS1,1927,AL,157,85,69,782,730
BRO,1927,NL,154,65,88,541,619
BSN,1927,NL,155,60,94,651,771
CHN,1927,NL,153,85,68,750,661
CIN,1927,NL,153,75,78,643,653
NY1,1927,NL,155,92,62,817,720
PHI,1927,NL,155,51,103,678,903
PIT,1927,NL,156,94,60,817,659
SLN,1927,NL,153,92,61,754,665
BOS,1928,AL,154,57,96,589,770
CHA,1928,AL,155,72,82,656,725
CLE,1928,AL,155,62,92,674,830
DET,1928,AL,154,68,86,744,804
NYA,1928,AL,154,101,53,894,685
PHA,1928,AL,153,98,55,829,615
SLA,1928,AL,154,82,72,772,742
WS1,1928,AL,155,75,79,718,705
BRO,1928,NL,155,77,76,665,640
BSN,1928,NL,153,50,103,631,878
CHN,1928,NL,154,91,63,714,615
CIN,1928,NL,153,78,74,648,686
NY1,1928,NL,155,93,61,807,653
PHI,1928,NL,152,43,109,660,957
PIT,1928,NL,152,85,67,837,704
SLN,1928,NL,154,95,59,807,636
BOS,1929,AL,155,58,96,605,803
CHA,1929,AL,152,59,93,627,792
CLE,1929,AL,152,81,71,717,736
DET,1929,AL,155,70,84,926,928
NYA,1929,AL,154,88,66,899,775
PHA,1929,AL,151,104,46,901,615
SLA,1929,AL,154,79,73,733,713
WS1,1929,AL,153,71,81,730,776
BRO,1929,NL,153,70,83,755,888
BSN,1929,NL,154,56,98,657,876
CHN,1929,NL,156,98,54,982,758
CIN,1929,NL,155,66,88,686,760
NY1,1929,NL,152,84,67,897,709
PHI,1929,NL,154,71,82,897,1032
PIT,1929,NL,154,88,65,904,780
SLN,1929,NL,154,78,74,831,806
BOS,1930,AL,154,52,102,612,814
CHA,1930,AL,154,62,92,729,884
CLE,1930,AL,154,81,73,890,915
DET,1930,AL,154,75,79,783,833
NYA,1930,AL,154,86,68,1062,898
PHA,1930,AL,154,102,52,951,751
SLA,1930,AL,154,64,90,751,886
WS1,1930,AL,154,94,60,892,689
BRO,1930,NL,154,86,68,871,738
BSN,1930,NL,154,70,84,693,835
CHN,1930,NL,156,90,64,998,870
CIN,1930,NL,154,59,95,665,857
NY1,1930,NL,154,87,67,959,814
PHI,1930,NL,156,52,102,944,1199
PIT,1930,NL,154,80,74,891,928
SLN,1930,NL,154,92,62,1004,784
BOS,1931,AL,153,62,90,625,800
CHA,1931,AL,156,56,97,704,939
CLE,1931,AL,155,78,76,885,833
DET,1931,AL,154,61,93,651,836
NYA,1931,AL,155,94,59,1067,760
PHA,1931,AL,153,107,45,858,626
SLA,1931,AL,154,63,91,722,870
WS1,1931,AL,156,92,62,843,691
BRO,1931,NL,153,79,73,681,673
BSN,1931,NL,156,64,90,533,680
CHN,1931,NL,156,84,70,828,710
CIN,1931,NL,154,58,96,592,742
NY1,1931,NL,153,87,65,768,599
PHI,1931,NL,155,66,88,684,828
PIT,1931,NL,155,75,79,636,691
SLN,1931,NL,154,101,53,815,614
BOS,1932,AL,154,43,111,566,915
CHA,1932,AL,152,49,102,667,897
CLE,1932,AL,153,87,65,845,747
DET,1932,AL,153,76,75,799,787
NYA,1932,AL,156,107,47,1002,724
PHA,1932,AL,154,94,60,981,752
SLA,1932,AL,154,63,91,736,898
WS1,1932,AL,154,93,61,840,716
BRO,1932,NL,154,81,73,752,747
BSN,1932,NL,155,77,77,649,655
CHN,1932,NL,154,90,64,720,633
CIN,1932,NL,155,60,94,575,715
NY1,1932,NL,154,72,82,755,706
PHI,1932,NL,154,78,76,844,796
PIT,1932,NL,154,86,68,701,711
SLN,1932,NL,156,72,82,684,717
BOS,1933,AL,149,63,86,700,758
CHA,1933,AL,151,67,83,683,814
CLE,1933,AL,151,75,76,654,669
DET,1933,AL,155,75,79,722,733
NYA,1933,AL,152,91,59,927,768
PHA,1933,AL,152,79,72,875,853
SLA,1933,AL,153,55,96,669,820
WS1,1933,AL,153,99,53,850,665
BRO,1933,NL,157,65,88,617,695
BSN,1933,NL,156,83,71,552,531
CHN,1933,NL,154,86,68,646,536
CIN,1933,NL,153,58,94,496,643
NY1,1933,NL,156,91,61,636,515
PHI,1933,NL,152,60,92,607,760
PIT,1933,NL,154,87,67,667,619
SLN,1933,NL,154,82,71,687,609
BOS,1934,AL,153,76,76,820,775
CHA,1934,AL,153,53,99,704,946
CLE,1934,AL,154,85,69,814,763
DET,1934,AL,154,101,53,958,708
NYA,1934,AL,154,94,60,842,669
PHA,1934,AL,153,68,82,764,838
SLA,1934,AL,154,67,85,674,800
WS1,1934,AL,155,66,86,729,806
BRO,1934,NL,153,71,81,748,795
BSN,1934,NL,152,78,73,683,714
CHN,1934,NL,152,86,65,705,639
CIN,1934,NL,152,52,99,590,801
NY1,1934,NL,153,93,60,760,583
PHI,1934,NL,149,56,93,675,794
PIT,1934,NL,151,74,76,735,713
SLN,1934,NL,154,95,58,799,656
BOS,1935,AL,154,78,75,718,732
CHA,1935,AL,153,74,78,738,750
CLE,1935,AL,156,82,71,776,739
DET,1935,AL,152,93,58,919,665
NYA,1935,AL,149,89,60,818,632
PHA,1935,AL,149,58,91,710,869
SLA,1935,AL,155,65,87,718,930
WS1,1935,AL,154,67,86,823,903
BRO,1935,NL,154,70,83,711,767
BSN,1935,NL,153,38,115,575,852
CHN,1935,NL,154,100,54,847,597
CIN,1935,NL,154,68,85,646,772
NY1,1935,NL,156,91,62,770,675
PHI,1935,NL,156,64,89,685,871
PIT,1935,NL,153,86,67,743,647
SLN,1935,NL,154,96,58,829,625
BOS,1936,AL,155,74,80,775,764
CHA,1936,AL,153,81,70,920,873
CLE,1936,AL,157,80,74,921,862
DET,1936,AL,154,83,71,921,871
NYA,1936,AL,155,102,51,1065,731
PHA,1936,AL,154,53,100,714,1045
SLA,1936,AL,155,57,95,804,1064
WS1,1936,AL,153,82,71,889,799
BRO,1936,NL,156,67,87,662,752
BSN,1936,NL,157,71,83,631,715
CHN,1936,NL,154,87,67,755,603
CIN,1936,NL,154,74,80,722,760
NY1,1936,NL,154,92,62,742,621
PHI,1936,NL,154,54,100,726,874
PIT,1936,NL,156,84,70,804,718
SLN,1936,NL,155,87,67,795,794
BOS,1937,AL,154,80,72,821,775
CHA,1937,AL,154,86,68,780,730
CLE,1937,AL,156,83,71,817,768
DET,1937,AL,155,89,65,935,841
NYA,1937,AL,157,102,52,979,671
PHA,1937,AL,154,54,97,699,854
SLA,1937,AL,156,46,108,715,1023
WS1,1937,AL,158,73,80,757,841
BRO,1937,NL,155,62,91,616,772
BSN,1937,NL,152,79,73,579,556
CHN,1937,NL,154,93,61,811,682
CIN,1937,NL,155,56,98,612,707
NY1,1937,NL,152,95,57,732,602
PHI,1937,NL,155,61,92,724,869
PIT,1937,NL,154,86,68,704,646
SLN,1937,NL,157,81,73,789,733
BOS,1938,AL,150,88,61,902,751
CHA,1938,AL,149,65,83,709,752
CLE,1938,AL,153,86,66,847,782
DET,1938,AL,155,84,70,862,795
NYA,1938,AL,157,99,53,966,710
PHA,1938,AL,154,53,99,726,956
SLA,1938,AL,156,55,97,755,962
WS1,1938,AL,152,75,76,814,873
BRO,1938,NL,151,69,80,704,710
BSN,1938,NL,153,77,75,561,618
CHN,1938,NL,154,89,63,713,598
CIN,1938,NL,151,82,68,723,634
NY1,1938,NL,152,83,67,705,637
PHI,1938,NL,151,45,105,550,840
PIT,1938,NL,152,86,64,707,630
SLN,1938,NL,156,71,80,725,721
BOS,1939,AL,152,89,62,890,795
CHA,1939,AL,155,85,69,755,737
CLE,1939,AL,154,87,67,797,700
DET,1939,AL,155,81,73,849,762
NYA,1939,AL,152,106,45,967,556
PHA,1939,AL,153,55,97,711,1022
SLA,1939,AL,156,43,111,733,1035
WS1,1939,AL,153,65,87,702,797
BRO,1939,NL,157,84,69,708,645
BSN,1939,NL,152,63,88,572,659
CHN,1939,NL,156,84,70,724,678
CIN,1939,NL,156,97,57,767,595
NY1,1939,NL,151,77,74,703,685
PHI,1939,NL,152,45,106,553,856
PIT,1939,NL,153,68,85,666,721
SLN,1939,NL,155,92,61,779,633
BOS,1940,AL,154,82,72,872,825
CHA,1940,AL,155,82,72,735,672
CLE,1940,AL,155,89,65,710,637
DET,1940,AL,155,90,64,888,717
NYA,1940,AL,155,88,66,817,671
PHA,1940,AL,154,54,100,703,932
SLA,1940,AL,156,67,87,757,882
WS1,1940,AL,154,64,90,665,811
BRO,1940,NL,156,88,65,697,621
BSN,1940,NL,152,65,87,623,745
CHN,1940,NL,154,75,79,681,636
CIN,1940,NL,155,100,53,707,528
NY1,1940,NL,152,72,80,663,659
PHI,1940,NL,153,50,103,494,750
PIT,1940,NL,156,78,76,809,783
SLN,1940,NL,156,84,69,747,699
BOS,1941,AL,155,84,70,865,750
CHA,1941,AL,156,77,77,638,649
CLE,1941,AL,155,75,79,677,668
DET,1941,AL,155,75,79,686,743
NYA,1941,AL,156,101,53,830,631
PHA,1941,AL,154,64,90,713,840
SLA,1941,AL,157,70,84,765,823
WS1,1941,AL,156,70,84,728,798
BRO,1941,NL,157,100,54,800,581
BSN,1941,NL,156,62,92,592,720
CHN,1941,NL,155,70,84,666,670
CIN,1941,NL,154,88,66,616,564
NY1,1941,NL,156,74,79,667,706
PHI,1941,NL,155,43,111,501,793
PIT,1941,NL,156,81,73,690,643
SLN,1941,NL,155,97,56,734,589
BOS,1942,AL,152,93,59,761,594
CHA,1942,AL,148,66,82,538,609
CLE,1942,AL,156,75,79,590,659
DET,1942,AL,156,73,81,589,587
NYA,1942,AL,154,103,51,801,507
PHA,1942,AL,154,55,99,549,801
SLA,1942,AL,151,82,69,730,637
WS1,1942,AL,151,62,89,653,817
BRO,1942,NL,155,104,50,742,510
BSN,1942,NL,150,59,89,515,645
CHN,1942,NL,155,68,86,591,665
CIN,1942,NL,154,76,76,527,545
NY1,1942,NL,154,85,67,675,600
PHI,1942,NL,151,42,109,394,706
PIT,1942,NL,151,66,81,585,631
SLN,1942,NL,156,106,48,755,482
BOS,1943,AL,155,68,84,563,607
CHA,1943,AL,155,82,72,573,594
CLE,1943,AL,153,82,71,600,577
DET,1943,AL,155,78,76,632,560
NYA,1943,AL,155,98,56,669,542
PHA,1943,AL,155,49,105,497,717
SLA,1943,AL,153,72,80,596,604
WS1,1943,AL,153,84,69,666,595
BRO,1943,NL,153,81,72,716,674
BSN,1943,NL,153,68,85,465,612
CHN,1943,NL,154,74,79,632,600
CIN,1943,NL,155,87,67,608,543
NY1,1943,NL,156,55,98,558,713
PHI,1943,NL,157,64,90,571,676
PIT,1943,NL,157,80,74,669,605
SLN,1943,NL,157,105,49,679,475
BOS,1944,AL,156,77,77,739,676
CHA,1944,AL,154,71,83,543,662
CLE,1944,AL,155,72,82,643,677
DET,1944,AL,156,88,66,658,581
NYA,1944,AL,154,83,71,674,617
PHA,1944,AL,155,72,82,525,594
SLA,1944,AL,154,89,65,684,587
WS1,1944,AL,154,64,90,592,664
BRO,1944,NL,155,63,91,690,832
BSN,1944,NL,155,65,89,593,674
CHN,1944,NL,157,75,79,702,669
CIN,1944,NL,155,89,65,573,537
NY1,1944,NL,155,67,87,682,773
PHI,1944,NL,154,61,92,539,658
PIT,1944,NL,158,90,63,744,662
SLN,1944,NL,157,105,49,772,490
BOS,1945,AL,157,71,83,599,674
CHA,1945,AL,150,71,78,596,633
CLE,1945,AL,147,73,72,557,548
DET,1945,AL,155,88,65,633,565
NYA,1945,AL,152,81,71,676,606
PHA,1945,AL,153,52,98,494,638
SLA,1945,AL,154,81,70,597,548
WS1,1945,AL,156,87,67,622,562
BRO,1945,NL,155,87,67,795,724
BSN,1945,NL,154,67,85,721,728
CHN,1945,NL,155,98,56,735,532
CIN,1945,NL,154,61,93,536,694
NY1,1945,NL,154,78,74,668,700
PHI,1945,NL,154,46,108,548,865
PIT,1945,NL,155,82,72,753,686
SLN,1945,NL,155,95,59,756,583
BOS,1946,AL,156,104,50,792,594
CHA,1946,AL,155,74,80,562,595
CLE,1946,AL,156,68,86,537,638
DET,1946,AL,155,92,62,704,567
NYA,1946,AL,154,87,67,684,547
PHA,1946,AL,155,49,105,529,680
SLA,1946,AL,156,66,88,621,710
WS1,1946,AL,155,76,78,608,706
BRO,1946,NL,157,96,60,701,570
BSN,1946,NL,154,81,72,630,592
CHN,1946,NL,155,82,71,626,581
CIN,1946,NL,156,67,87,523,570
NY1,1946,NL,154,61,93,612,685
PHI,1946,NL,155,69,85,560,705
PIT,1946,NL,155,63,91,552,668
SLN,1946,NL,156,98,58,712,545
BOS,1947,AL,157,83,71,720,669
CHA,1947,AL,155,70,84,553,661
CLE,1947,AL,157,80,74,687,588
DET,1947,AL,158,85,69,714,642
NYA,1947,AL,155,97,57,794,568
PHA,1947,AL,156,78,76,633,614
SLA,1947,AL,154,59,95,564,744
WS1,1947,AL,154,64,90,496,675
BRO,1947,NL,155,94,60,774,668
BSN,1947,NL,154,86,68,701,622
CHN,1947,NL,155,69,85,567,722
CIN,1947,NL,154,73,81,681,755
NY1,1947,NL,155,81,73,830,761
PHI,1947,NL,155,62,92,589,687
PIT,1947,NL,156,62,92,744,817
SLN,1947,NL,156,89,65,780,634
BOS,1948,AL,155,96,59,907,720
CHA,1948,AL,154,51,101,559,814
CLE,1948,AL,156,97,58,840,568
DET,1948,AL,154,78,76,700,726
NYA,1948,AL,154,94,60,857,633
PHA,1948,AL,154,84,70,729,735
SLA,1948,AL,155,59,94,671,849
WS1,1948,AL,154,56,97,578,796
BRO,1948,NL,155,84,70,744,667
BSN,1948,NL,154,91,62,739,584
CHN,1948,NL,155,64,90,597,706
CIN,1948,NL,153,64,89,588,752
NY1,1948,NL,155,78,76,780,704
PHI,1948,NL,155,66,88,591,729
PIT,1948,NL,156,83,71,706,699
SLN,1948,NL,155,85,69,742,646
BOS,1949,AL,155,96,58,896,667
CHA,1949,AL,154,63,91,648,737
CLE,1949,AL,154,89,65,675,574
DET,1949,AL,155,87,67,751,655
NYA,1949,AL,155,97,57,829,637
PHA,1949,AL,154,81,73,726,725
SLA,1949,AL,155,53,101,667,913
WS1,1949,AL,154,50,104,584,868
BRO,1949,NL,156,97,57,879,651
BSN,1949,NL,157,75,79,706,719
CHN,1949,NL,154,61,93,593,773
CIN,1949,NL,156,62,92,627,770
NY1,1949,NL,156,73,81,736,693
PHI,1949,NL,154,81,73,662,668
PIT,1949,NL,154,71,83,681,760
SLN,1949,NL,157,96,58,766,616
BOS,1950,AL,154,94,60,1027,804
CHA,1950,AL,156,60,94,625,749
CLE,1950,AL,155,92,62,806,654
DET,1950,AL,157,95,59,837,713
NYA,1950,AL,155,98,56,914,691
PHA,1950,AL,154,52,102,670,913
SLA,1950,AL,154,58,96,684,916
WS1,1950,AL,155,67,87,690,813
BRO,1950,NL,155,89,65,847,724
BSN,1950,NL,156,83,71,785,736
CHN,1950,NL,154,64,89,643,772
CIN,1950,NL,153,66,87,654,734
NY1,1950,NL,154,86,68,735,643
PHI,1950,NL,157,91,63,722,624
PIT,1950,NL,154,57,96,681,857
SLN,1950,NL,153,78,75,693,670
BOS,1951,AL,154,87,67,804,725
CHA,1951,AL,155,81,73,714,644
CLE,1951,AL,155,93,61,696,594
DET,1951,AL,154,73,81,685,741
NYA,1951,AL,154,98,56,798,621
PHA,1951,AL,154,70,84,736,745
SLA,1951,AL,154,52,102,611,882
WS1,1951,AL,154,62,92,672,764
BRO,1951,NL,158,97,60,855,672
BSN,1951,NL,155,76,78,723,662
CHN,1951,NL,155,62,92,614,750
CIN,1951,NL,155,68,86,559,667
NY1,1951,NL,157,98,59,781,641
PHI,1951,NL,154,73,81,648,644
PIT,1951,NL,155,64,90,689,845
SLN,1951,NL,155,81,73,683,671
BOS,1952,AL,154,76,78,668,658
CHA,1952,AL,156,81,73,610,568
CLE,1952,AL,155,93,61,763,606
DET,1952,AL,156,50,104,557,738
NYA,1952,AL,154,95,59,727,557
PHA,1952,AL,155,79,75,664,723
SLA,1952,AL,155,64,90,604,733
WS1,1952,AL,157,78,76,598,608
BRO,1952,NL,155,96,57,775,603
BSN,1952,NL,155,64,89,569,651
CHN,1952,NL,155,77,77,628,631
CIN,1952,NL,154,69,85,615,659
NY1,1952,NL,154,92,62,722,639
PHI,1952,NL,154,87,67,657,552
PIT,1952,NL,155,42,112,515,793
SLN,1952,NL,154,88,66,677,630
BOS,1953,AL,153,84,69,656,632
CHA,1953,AL,156,89,65,716,592
CLE,1953,AL,155,92,62,770,627
DET,1953,AL,158,60,94,695,923
NYA,1953,AL,151,99,52,801,547
PHA,1953,AL,157,59,95,632,799
SLA,1953,AL,154,54,100,555,778
WS1,1953,AL,152,76,76,687,614
BRO,1953,NL,155,105,49,955,689
CHN,1953,NL,155,65,89,633,835
CIN,1953,NL,155,68,86,714,788
ML1,1953,NL,157,92,62,738,589
NY1,1953,NL,155,70,84,768,747
PHI,1953,NL,156,83,71,716,666
PIT,1953,NL,154,50,104,622,887
SLN,1953,NL,157,83,71,768,713
BAL,1954,AL,154,54,100,483,668
BOS,1954,AL,156,69,85,700,728
CHA,1954,AL,155,94,60,711,521
CLE,1954,AL,156,111,43,746,504
DET,1954,AL,155,68,86,584,664
NYA,1954,AL,155,103,51,805,563
PHA,1954,AL,156,51,103,542,875
WS1,1954,AL,155,66,88,632,680
BRO,1954,NL,154,92,62,778,740
CHN,1954,NL,154,64,90,700,766
CIN,1954,NL,154,74,80,729,763
ML1,1954,NL,154,89,65,670,556
NY1,1954,NL,154,97,57,732,550
PHI,1954,NL,154,75,79,659,614
PIT,1954,NL,154,53,101,557,845
SLN,1954,NL,154,72,82,799,790
BAL,1955,AL,156,57,97,540,754
BOS,1955,AL,154,84,70,755,652
CHA,1955,AL,155,91,63,725,557
CLE,1955,AL,154,93,61,698,601
DET,1955,AL,154,79,75,775,658
KC1,1955,AL,155,63,91,638,911
NYA,1955,AL,154,96,58,762,569
WS1,1955,AL,154,53,101,598,789
BRO,1955,NL,154,98,55,857,650
CHN,1955,NL,154,72,81,626,713
CIN,1955,NL,154,75,79,761,684
ML1,1955,NL,154,85,69,743,668
NY1,1955,NL,154,80,74,702,673
PHI,1955,NL,154,77,77,675,666
PIT,1955,NL,154,60,94,560,767
SLN,1955,NL,154,68,86,654,757
BAL,1956,AL,154,69,85,571,705
BOS,1956,AL,155,84,70,780,751
CHA,1956,AL,154,85,69,776,634
CLE,1956,AL,155,88,66,712,581
DET,1956,AL,155,82,72,789,699
KC1,1956,AL,154,52,102,619,831
NYA,1956,AL,154,97,57,857,631
WS1,1956,AL,155,59,95,652,924
BRO,1956,NL,154,93,61,720,601
CHN,1956,NL,157,60,94,597,708
CIN,1956,NL,155,91,63,775,658
ML1,1956,NL,155,92,62,709,569
NY1,1956,NL,154,67,87,540,650
PHI,1956,NL,154,71,83,668,738
PIT,1956,NL,157,66,88,588,653
SLN,1956,NL,156,76,78,678,698
BAL,1957,AL,154,76,76,597,588
BOS,1957,AL,154,82,72,721,668
CHA,1957,AL,155,90,64,707,566
CLE,1957,AL,153,76,77,682,722
DET,1957,AL,154,78,76,614,614
KC1,1957,AL,154,59,94,563,710
NYA,1957,AL,154,98,56,723,534
WS1,1957,AL,154,55,99,603,808
BRO,1957,NL,154,84,70,690,591
CHN,1957,NL,156,62,92,628,722
CIN,1957,NL,154,80,74,747,781
ML1,1957,NL,155,95,59,772,613
NY1,1957,NL,154,69,85,643,701
PHI,1957,NL,156,77,77,623,656
PIT,1957,NL,155,62,92,586,696
SLN,1957,NL,154,87,67,737,666
BAL,1958,AL,154,74,79,521,575
BOS,1958,AL,155,79,75,697,691
CHA,1958,AL,155,82,72,634,615
CLE,1958,AL,153,77,76,694,635
DET,1958,AL,154,77,77,659,606
KC1,1958,AL,156,73,81,642,713
NYA,1958,AL,155,92,62,759,577
WS1,1958,AL,156,61,93,553,747
CHN,1958,NL,154,72,82,709,725
CIN,1958,NL,154,76,78,695,621
LAN,1958,NL,154,71,83,668,761
ML1,1958,NL,154,92,62,675,541
PHI,1958,NL,154,69,85,664,762
PIT,1958,NL,154,84,70,662,607
SFN,1958,NL,154,80,74,727,698
SLN,1958,NL,154,72,82,619,704
BAL,1959,AL,155,74,80,551,621
BOS,1959,AL,154,75,79,726,696
CHA,1959,AL,156,94,60,669,588
CLE,1959,AL,154,89,65,745,646
DET,1959,AL,154,76,78,713,732
KC1,1959,AL,154,66,88,681,760
NYA,1959,AL,155,79,75,687,647
WS1,1959,AL,154,63,91,619,701
CHN,1959,NL,155,74,80,673,688
CIN,1959,NL,154,74,80,764,738
LAN,1959,NL,156,88,68,705,670
ML1,1959,NL,157,86,70,724,623
PHI,1959,NL,155,64,90,599,725
PIT,1959,NL,155,78,76,651,680
SFN,1959,NL,154,83,71,705,613
SLN,1959,NL,154,71,83,641,725
BAL,1960,AL,154,89,65,682,606
BOS,1960,AL,154,65,89,658,775
CHA,1960,AL,154,87,67,741,617
CLE,1960,AL,154,76,78,667,693
DET,1960,AL,154,71,83,633,644
KC1,1960,AL,155,58,96,615,756
NYA,1960,AL,155,97,57,746,627
WS1,1960,AL,154,73,81,672,696
CHN,1960,NL,156,60,94,634,776
CIN,1960,NL,154,67,87,640,692
LAN,1960,NL,154,82,72,662,593
ML1,1960,NL,154,88,66,724,658
PHI,1960,NL,154,59,95,546,691
PIT,1960,NL,155,95,59,734,593
SFN,1960,NL,156,79,75,671,631
SLN,1960,NL,155,86,68,639,616
BAL,1961,AL,163,95,67,691,588
BOS,1961,AL,163,76,86,729,792
CHA,1961,AL,163,86,76,765,726
CLE,1961,AL,161,78,83,737,752
DET,1961,AL,163,101,61,841,671
KC1,1961,AL,162,61,100,683,863
LAA,1961,AL,162,70,91,744,784
MIN,1961,AL,161,70,90,707,778
NYA,1961,AL,163,109,53,827,612
WS2,1961,AL,161,61,100,618,776
CHN,1961,NL,156,64,90,689,800
CIN,1961,NL,154,93,61,710,653
LAN,1961,NL,154,89,65,735,697
ML1,1961,NL,155,83,71,712,656
PHI,1961,NL,155,47,107,584,796
PIT,1961,NL,154,75,79,694,675
SFN,1961,NL,155,85,69,773,655
SLN,1961,NL,155,80,74,703,668
BAL,1962,AL,162,77,85,652,680
BOS,1962,AL,160,76,84,707,756
CHA,1962,AL,162,85,77,707,658
CLE,1962,AL,162,80,82,682,745
DET,1962,AL,161,85,76,758,692
KC1,1962,AL,162,72,90,745,837
LAA,1962,AL,162,86,76,718,706
MIN,1962,AL,163,91,71,798,713
NYA,1962,AL,162,96,66,817,680
WS2,1962,AL,162,60,101,599,716
CHN,1962,NL,162,59,103,632,827
CIN,1962,NL,162,98,64,802,685
HOU,1962,NL,162,64,96,592,717
LAN,1962,NL,165,102,63,842,697
ML1,1962,NL,162,86,76,730,665
NYN,1962,NL,161,40,120,617,948
PHI,1962,NL,161,81,80,705,759
PIT,1962,NL,161,93,68,706,626
SFN,1962,NL,165,103,62,878,690
SLN,1962,NL,163,84,78,774,664
BAL,1963,AL,162,86,76,644,621
BOS,1963,AL,161,76,85,666,704
CHA,1963,AL,162,94,68,683,544
CLE,1963,AL,162,79,83,635,702
DET,1963,AL,162,79,83,700,703
KC1,1963,AL,162,73,89,615,704
LAA,1963,AL,161,70,91,597,660
MIN,1963,AL,161,91,70,767,602
NYA,1963,AL,161,104,57,714,547
WS2,1963,AL,162,56,106,578,812
CHN,1963,NL,162,82,80,570,578
CIN,1963,NL,162,86,76,648,594
HOU,1963,NL,162,66,96,464,640
LAN,1963,NL,163,99,63,640,550
ML1,1963,NL,163,84,78,677,603
NYN,1963,NL,162,51,111,501,774
PHI,1963,NL,162,87,75,642,578
PIT,1963,NL,162,74,88,567,595
SFN,1963,NL,162,88,74,725,641
SLN,1963,NL,162,93,69,747,628
BAL,1964,AL,163,97,65,679,567
BOS,1964,AL,162,72,90,688,793
CHA,1964,AL,162,98,64,642,501
CLE,1964,AL,164,79,83,689,693
DET,1964,AL,163,85,77,699,678
KC1,1964,AL,163,57,105,621,836
LAA,1964,AL,162,82,80,544,551
MIN,1964,AL,163,79,83,737,678
NYA,1964,AL,164,99,63,730,577
WS2,1964,AL,162,62,100,578,733
CHN,1964,NL,162,76,86,649,724
CIN,1964,NL,163,92,70,660,566
HOU,1964,NL,162,66,96,495,628
LAN,1964,NL,164,80,82,614,572
ML1,1964,NL,162,88,74,803,744
NYN,1964,NL,163,53,109,569,776
PHI,1964,NL,162,92,70,693,632
PIT,1964,NL,162,80,82,663,636
SFN,1964,NL,162,90,72,656,587
SLN,1964,NL,162,93,69,715,652
BAL,1965,AL,162,94,68,641,578
BOS,1965,AL,162,62,100,669,791
CAL,1965,AL,162,75,87,527,569
CHA,1965,AL,162,95,67,647,555
CLE,1965,AL,162,87,75,663,613
DET,1965,AL,162,89,73,680,602
KC1,1965,AL,162,59,103,585,755
MIN,1965,AL,162,102,60,774,600
NYA,1965,AL,162,77,85,611,604
WS2,1965,AL,162,70,92,591,721
CHN,1965,NL,164,72,90,635,723
CIN,1965,NL,162,89,73,825,704
HOU,1965,NL,162,65,97,569,711
LAN,1965,NL,162,97,65,608,521
ML1,1965,NL,162,86,76,708,633
NYN,1965,NL,164,50,112,495,752
PHI,1965,NL,162,85,76,654,667
PIT,1965,NL,163,90,72,675,580
SFN,1965,NL,163,95,67,682,593
SLN,1965,NL,162,80,81,707,674
BAL,1966,AL,160,97,63,755,601
BOS,1966,AL,162,72,90,655,731
CAL,1966,AL,162,80,82,604,643
CHA,1966,AL,163,83,79,574,517
CLE,1966,AL,162,81,81,574,586
DET,1966,AL,162,88,74,719,698
KC1,1966,AL,160,74,86,564,648
MIN,1966,AL,162,89,73,663,581
NYA,1966,AL,160,70,89,611,612
WS2,1966,AL,159,71,88,557,659
ATL,1966,NL,163,85,77,782,683
CHN,1966,NL,162,59,103,644,809
CIN,1966,NL,160,76,84,692,702
HOU,1966,NL,163,72,90,612,695
LAN,1966,NL,162,95,67,606,490
NYN,1966,NL,161,66,95,587,761
PHI,1966,NL,162,87,75,696,640
PIT,1966,NL,162,92,70,759,641
SFN,1966,NL,161,93,68,675,626
SLN,1966,NL,162,83,79,571,577
BAL,1967,AL,161,76,85,654,592
BOS,1967,AL,162,92,70,722,614
CAL,1967,AL,161,84,77,567,587
CHA,1967,AL,162,89,73,531,491
CLE,1967,AL,162,75,87,559,613
DET,1967,AL,163,91,71,683,587
KC1,1967,AL,161,62,99,533,660
MIN,1967,AL,164,91,71,671,590
NYA,1967,AL,163,72,90,522,621
WS2,1967,AL,161,76,85,550,637
ATL,1967,NL,162,77,85,631,640
CHN,1967,NL,162,87,74,702,624
CIN,1967,NL,162,87,75,604,563
HOU,1967,NL,162,69,93,626,742
LAN,1967,NL,162,73,89,519,595
NYN,1967,NL,162,61,101,498,672
PHI,1967,NL,162,82,80,612,581
PIT,1967,NL,163,81,81,679,693
SFN,1967,NL,162,91,71,652,551
SLN,1967,NL,161,101,60,695,557
BAL,1968,AL,162,91,71,579,497
BOS,1968,AL,162,86,76,614,611
CAL,1968,AL,162,67,95,498,615
CHA,1968,AL,162,67,95,463,527
CLE,1968,AL,162,86,75,516,504
DET,1968,AL,164,103,59,671,492
MIN,1968,AL,162,79,83,562,546
NYA,1968,AL,164,83,79,536,531
OAK,1968,AL,163,82,80,569,544
WS2,1968,AL,161,65,96,524,665
ATL,1968,NL,163,81,81,514,549
CHN,1968,NL,163,84,78,612,611
CIN,1968,NL,163,83,79,690,673
HOU,1968,NL,162,72,90,510,588
LAN,1968,NL,162,76,86,470,509
NYN,1968,NL,163,73,89,473,499
PHI,1968,NL,162,76,86,543,615
PIT,1968,NL,163,80,82,583,532
SFN,1968,NL,163,88,74,599,529
SLN,1968,NL,162,97,65,583,472
BAL,1969,AL,162,109,53,779,517
BOS,1969,AL,162,87,75,743,736
CAL,1969,AL,163,71,91,528,652
CHA,1969,AL,162,68,94,625,723
CLE,1969,AL,161,62,99,573,717
DET,1969,AL,162,90,72,701,601
KCA,1969,AL,163,69,93,586,688
MIN,1969,AL,162,97,65,790,618
NYA,1969,AL,162,80,81,562,587
OAK,1969,AL,162,88,74,740,678
SE1,1969,AL,163,64,98,639,799
WS2,1969,AL,162,86,76,694,644
ATL,1969,NL,162,93,69,691,631
CHN,1969,NL,163,92,70,720,611
CIN,1969,NL,163,89,73,798,768
HOU,1969,NL,162,81,81,676,668
LAN,1969,NL,162,85,77,645,561
MON,1969,NL,162,52,110,582,791
NYN,1969,NL,162,100,62,632,541
PHI,1969,NL,162,63,99,645,745
PIT,1969,NL,162,88,74,725,652
SDN,1969,NL,162,52,110,468,746
SFN,1969,NL,162,90,72,713,636
SLN,1969,NL,162,87,75,595,540
BAL,1970,AL,162,108,54,792,574
BOS,1970,AL,162,87,75,786,722
CAL,1970,AL,162,86,76,631,630
CHA,1970,AL,162,56,106,633,822
CLE,1970,AL,162,76,86,649,675
DET,1970,AL,162,79,83,666,731
KCA,1970,AL,162,65,97,611,705
MIN,1970,AL,162,98,64,744,605
ML4,1970,AL,163,65,97,613,751
NYA,1970,AL,163,93,69,680,612
OAK,1970,AL,162,89,73,678,593
WS2,1970,AL,162,70,92,626,689
ATL,1970,NL,162,76,86,736,772
CHN,1970,NL,162,84,78,806,679
CIN,1970,NL,162,102,60,775,681
HOU,1970,NL,162,79,83,744,763
LAN,1970,NL,161,87,74,749,684
MON,1970,NL,162,73,89,687,807
NYN,1970,NL,162,83,79,695,630
PHI,1970,NL,161,73,88,594,730
PIT,1970,NL,162,89,73,729,664
SDN,1970,NL,162,63,99,681,788
SFN,1970,NL,162,86,76,831,826
SLN,1970,NL,162,76,86,744,747
BAL,1971,AL,158,101,57,742,530
BOS,1971,AL,162,85,77,691,667
CAL,1971,AL,162,76,86,511,576
CHA,1971,AL,162,79,83,617,597
CLE,1971,AL,162,60,102,543,747
DET,1971,AL,162,91,71,701,645
KCA,1971,AL,161,85,76,603,566
MIN,1971,AL,160,74,86,654,670
ML4,1971,AL,161,69,92,534,609
NYA,1971,AL,162,82,80,648,641
OAK,1971,AL,161,101,60,691,564
WS2,1971,AL,159,63,96,537,660
ATL,1971,NL,162,82,80,643,699
CHN,1971,NL,162,83,79,637,648
CIN,1971,NL,162,79,83,586,581
HOU,1971,NL,162,79,83,585,567
LAN,1971,NL,162,89,73,663,587
MON,1971,NL,162,71,90,622,729
NYN,1971,NL,162,83,79,588,550
PHI,1971,NL,162,67,95,558,688
PIT,1971,NL,162,97,65,788,599
SDN,1971,NL,161,61,100,486,610
SFN,1971,NL,162,90,72,706,644
SLN,1971,NL,163,90,72,739,699
BAL,1972,AL,154,80,74,519,430
BOS,1972,AL,155,85,70,640,620
CAL,1972,AL,155,75,80,454,533
CHA,1972,AL,154,87,67,566,538
CLE,1972,AL,156,72,84,472,519
DET,1972,AL,156,86,70,558,514
KCA,1972,AL,154,76,78,580,545
MIN,1972,AL,154,77,77,537,535
ML4,1972,AL,156,65,91,493,595
NYA,1972,AL,155,79,76,557,527
OAK,1972,AL,155,93,62,604,457
TEX,1972,AL,154,54,100,461,628
ATL,1972,NL,155,70,84,628,730
CHN,1972,NL,156,85,70,685,567
CIN,1972,NL,154,95,59,707,557
HOU,1972,NL,153,84,69,708,636
LAN,1972,NL,155,85,70,584,527
MON,1972,NL,156,70,86,513,609
NYN,1972,NL,156,83,73,528,578
PHI,1972,NL,156,59,97,503,635
PIT,1972,NL,155,96,59,691,512
SDN,1972,NL,153,58,95,488,665
SFN,1972,NL,155,69,86,662,649
SLN,1972,NL,156,75,81,568,600
BAL,1973,AL,162,97,65,754,561
BOS,1973,AL,162,89,73,738,647
CAL,1973,AL,162,79,83,629,657
CHA,1973,AL,162,77,85,652,705
CLE,1973,AL,162,71,91,680,826
DET,1973,AL,162,85,77,642,674
KCA,1973,AL,162,88,74,755,752
MIN,1973,AL,162,81,81,738,692
ML4,1973,AL,162,74,88,708,731
NYA,1973,AL,162,80,82,641,610
OAK,1973,AL,162,94,68,758,615
TEX,1973,AL,162,57,105,619,844
ATL,1973,NL,162,76,85,799,774
CHN,1973,NL,161,77,84,614,655
CIN,1973,NL,162,99,63,741,621
HOU,1973,NL,162,82,80,681,672
LAN,1973,NL,162,95,66,675,565
MON,1973,NL,162,79,83,668,702
NYN,1973,NL,161,82,79,608,588
PHI,1973,NL,162,71,91,642,717
PIT,1973,NL,162,80,82,704,693
SDN,1973,NL,162,60,102,548,770
SFN,1973,NL,162,88,74,739,702
SLN,1973,NL,162,81,81,643,603
BAL,1974,AL,162,91,71,659,612
BOS,1974,AL,162,84,78,696,661
CAL,1974,AL,163,68,94,618,657
CHA,1974,AL,163,80,80,684,721
CLE,1974,AL,162,77,85,662,694
DET,1974,AL,162,72,90,620,768
KCA,1974,AL,162,77,85,667,662
MIN,1974,AL,163,82,80,673,669
ML4,1974,AL,162,76,86,647,660
NYA,1974,AL,162,89,73,671,623
OAK,1974,AL,162,90,72,689,551
TEX,1974,AL,161,84,76,690,698
ATL,1974,NL,163,88,74,661,563
CHN,1974,NL,162,66,96,669,826
CIN,1974,NL,163,98,64,776,631
HOU,1974,NL,162,81,81,653,632
LAN,1974,NL,162,102,60,798,561
MON,1974,NL,161,79,82,662,657
NYN,1974,NL,162,71,91,572,646
PHI,1974,NL,162,80,82,676,701
PIT,1974,NL,162,88,74,751,657
SDN,1974,NL,162,60,102,541,830
SFN,1974,NL,162,72,90,634,723
SLN,1974,NL,161,86,75,677,643
BAL,1975,AL,159,90,69,682,553
BOS,1975,AL,160,95,65,796,709
CAL,1975,AL,161,72,89,628,723
CHA,1975,AL,161,75,86,655,703
CLE,1975,AL,159,79,80,688,703
DET,1975,AL,159,57,102,570,786
KCA,1975,AL,162,91,71,710,649
MIN,1975,AL,159,76,83,724,736
ML4,1975,AL,162,68,94,675,792
NYA,1975,AL,160,83,77,681,588
OAK,1975,AL,162,98,64,758,606
TEX,1975,AL,162,79,83,714,733
ATL,1975,NL,161,67,94,583,739
CHN,1975,NL,162,75,87,712,827
CIN,1975,NL,162,108,54,840,586
HOU,1975,NL,162,64,97,664,711
LAN,1975,NL,162,88,74,648,534
MON,1975,NL,162,75,87,601,690
NYN,1975,NL,162,82,80,646,625
PHI,1975,NL,162,86,76,735,694
PIT,1975,NL,161,92,69,712,565
SDN,1975,NL,162,71,91,552,683
SFN,1975,NL,161,80,81,659,671
SLN,1975,NL,163,82,80,662,689
BAL,1976,AL,162,88,74,619,598
BOS,1976,AL,162,83,79,716,660
CAL,1976,AL,162,76,86,550,631
CHA,1976,AL,161,64,97,586,745
CLE,1976,AL,159,81,78,615,615
DET,1976,AL,161,74,87,609,709
KCA,1976,AL,162,90,72,713,611
MIN,1976,AL,162,85,77,743,704
ML4,1976,AL,161,66,95,570,655
NYA,1976,AL,159,97,62,730,575
OAK,1976,AL,161,87,74,686,598
TEX,1976,AL,162,76,86,616,652
ATL,1976,NL,162,70,92,620,700
CHN,1976,NL,162,75,87,611,728
CIN,1976,NL,162,102,60,857,633
HOU,1976,NL,162,80,82,625,657
LAN,1976,NL,162,92,70,608,543
MON,1976,NL,162,55,107,531,734
NYN,1976,NL,162,86,76,615,538
PHI,1976,NL,162,101,61,770,557
PIT,1976,NL,162,92,70,708,630
SDN,1976,NL,162,73,89,570,662
SFN,1976,NL,162,74,88,595,686
SLN,1976,NL,162,72,90,629,671
BAL,1977,AL,161,97,64,719,653
BOS,1977,AL,161,97,64,859,712
CAL,1977,AL,162,74,88,675,695
CHA,1977,AL,162,90,72,844,771
CLE,1977,AL,161,71,90,676,739
DET,1977,AL,162,74,88,714,751
KCA,1977,AL,162,102,60,822,651
MIN,1977,AL,161,84,77,867,776
ML4,1977,AL,162,67,95,639,765
NYA,1977,AL,162,100,62,831,651
OAK,1977,AL,161,63,98,605,749
SEA,1977,AL,162,64,98,624,855
TEX,1977,AL,162,94,68,767,657
TOR,1977,AL,161,54,107,605,822
ATL,1977,NL,162,61,101,678,895
CHN,1977,NL,162,81,81,692,739
CIN,1977,NL,162,88,74,802,725
HOU,1977,NL,162,81,81,680,650
LAN,1977,NL,162,98,64,769,582
MON,1977,NL,162,75,87,665,736
NYN,1977,NL,162,64,98,587,663
PHI,1977,NL,162,101,61,847,668
PIT,1977,NL,162,96,66,734,665
SDN,1977,NL,162,69,93,692,834
SFN,1977,NL,162,75,87,673,711
SLN,1977,NL,162,83,79,737,688
BAL,1978,AL,161,90,71,659,633
BOS,1978,AL,163,99,64,796,657
CAL,1978,AL,162,87,75,691,666
CHA,1978,AL,161,71,90,634,731
CLE,1978,AL,159,69,90,639,694
DET,1978,AL,162,86,76,714,653
KCA,1978,AL,162,92,70,743,634
MIN,1978,AL,162,73,89,666,678
ML4,1978,AL,162,93,69,804,650
NYA,1978,AL,163,100,63,735,582
OAK,1978,AL,162,69,93,532,690
SEA,1978,AL,160,56,104,614,834
TEX,1978,AL,162,87,75,692,632
TOR,1978,AL,161,59,102,590,775
ATL,1978,NL,162,69,93,600,750
CHN,1978,NL,162,79,83,664,724
CIN,1978,NL,161,92,69,710,688
HOU,1978,NL,162,74,88,605,634
LAN,1978,NL,162,95,67,727,573
MON,1978,NL,162,76,86,633,611
NYN,1978,NL,162,66,96,607,690
PHI,1978,NL,162,90,72,708,586
PIT,1978,NL,161,88,73,684,637
SDN,1978,NL,162,84,78,591,598
SFN,1978,NL,162,89,73,613,594
SLN,1978,NL,162,69,93,600,657
BAL,1979,AL,159,102,57,757,582
BOS,1979,AL,160,91,69,841,711
CAL,1979,AL,162,88,74,866,768
CHA,1979,AL,159,73,87,730,748
CLE,1979,AL,161,81,80,760,805
DET,1979,AL,160,85,76,770,738
KCA,1979,AL,162,85,77,851,816
MIN,1979,AL,162,82,80,764,725
ML4,1979,AL,161,95,66,807,722
NYA,1979,AL,160,89,71,734,672
OAK,1979,AL,162,54,108,573,860
SEA,1979,AL,162,67,95,711,820
TEX,1979,AL,162,83,79,750,698
TOR,1979,AL,162,53,109,613,862
ATL,1979,NL,160,66,94,669,763
CHN,1979,NL,162,80,82,706,707
CIN,1979,NL,161,90,71,731,644
HOU,1979,NL,162,89,73,583,582
LAN,1979,NL,162,79,83,739,717
MON,1979,NL,160,95,65,701,581
NYN,1979,NL,163,63,99,593,706
PHI,1979,NL,163,84,78,683,718
PIT,1979,NL,163,98,64,775,643
SDN,1979,NL,161,68,93,603,681
SFN,1979,NL,162,71,91,672,751
SLN,1979,NL,163,86,76,731,693
BAL,1980,AL,162,100,62,805,640
BOS,1980,AL,160,83,77,757,767
CAL,1980,AL,160,65,95,698,797
CHA,1980,AL,162,70,90,587,722
CLE,1980,AL,160,79,81,738,807
DET,1980,AL,163,84,78,830,757
KCA,1980,AL,162,97,65,809,694
MIN,1980,AL,161,77,84,670,724
ML4,1980,AL,162,86,76,811,682
NYA,1980,AL,162,103,59,820,662
OAK,1980,AL,162,83,79,686,642
SEA,1980,AL,163,59,103,610,793
TEX,1980,AL,163,76,85,756,752
TOR,1980,AL,162,67,95,624,762
ATL,1980,NL,161,81,80,630,660
CHN,1980,NL,162,64,98,614,728
CIN,1980,NL,163,89,73,707,670
HOU,1980,NL,163,93,70,637,589
LAN,1980,NL,163,92,71,663,591
MON,1980,NL,162,90,72,694,629
NYN,1980,NL,162,67,95,611,702
PHI,1980,NL,162,91,71,728,639
PIT,1980,NL,162,83,79,666,646
SDN,1980,NL,163,73,89,591,654
SFN,1980,NL,161,75,86,573,634
SLN,1980,NL,162,74,88,738,710
BAL,1981,AL,105,59,46,429,437
BOS,1981,AL,108,59,49,519,481
CAL,1981,AL,110,51,59,476,453
CHA,1981,AL,106,54,52,476,423
CLE,1981,AL,103,52,51,431,442
DET,1981,AL,109,60,49,427,404
KCA,1981,AL,103,50,53,397,405
MIN,1981,AL,110,41,68,378,486
ML4,1981,AL,109,62,47,493,459
NYA,1981,AL,107,59,48,421,343
OAK,1981,AL,109,64,45,458,403
SEA,1981,AL,110,44,65,426,521
TEX,1981,AL,105,57,48,452,389
TOR,1981,AL,106,37,69,329,466
ATL,1981,NL,107,50,56,395,416
CHN,1981,NL,106,38,65,370,483
CIN,1981,NL,108,66,42,464,440
HOU,1981,NL,110,61,49,394,331
LAN,1981,NL,110,63,47,450,356
MON,1981,NL,108,60,48,443,394
NYN,1981,NL,105,41,62,348,432
PHI,1981,NL,107,59,48,491,472
PIT,1981,NL,103,46,56,407,425
SDN,1981,NL,110,41,69,382,455
SFN,1981,NL,111,56,55,427,414
SLN,1981,NL,103,59,43,464,417
BAL,1982,AL,163,94,68,774,687
BOS,1982,AL,162,89,73,753,713
CAL,1982,AL,162,93,69,814,670
CHA,1982,AL,162,87,75,786,710
CLE,1982,AL,162,78,84,683,748
DET,1982,AL,162,83,79,729,685
KCA,1982,AL,162,90,72,784,717
MIN,1982,AL,162,60,102,657,819
ML4,1982,AL,163,95,67,891,717
NYA,1982,AL,162,79,83,709,716
OAK,1982,AL,162,68,94,691,819
SEA,1982,AL,162,76,86,651,712
TEX,1982,AL,162,64,98,590,749
TOR,1982,AL,162,78,84,651,701
ATL,1982,NL,162,89,73,739,702
CHN,1982,NL,162,73,89,676,709
CIN,1982,NL,162,61,101,545,661
HOU,1982,NL,162,77,85,569,620
LAN,1982,NL,162,88,74,691,612
MON,1982,NL,162,86,76,697,616
NYN,1982,NL,162,65,97,609,723
PHI,1982,NL,162,89,73,664,654
PIT,1982,NL,162,84,78,724,696
SDN,1982,NL,162,81,81,675,658
SFN,1982,NL,162,87,75,673,687
SLN,1982,NL,162,92,70,685,609
BAL,1983,AL,162,98,64,799,652
BOS,1983,AL,162,78,84,724,775
CAL,1983,AL,162,70,92,722,779
CHA,1983,AL,162,99,63,800,650
CLE,1983,AL,162,70,92,704,785
DET,1983,AL,162,92,70,789,679
KCA,1983,AL,163,79,83,696,767
MIN,1983,AL,162,70,92,709,822
ML4,1983,AL,162,87,75,764,708
NYA,1983,AL,162,91,71,770,703
OAK,1983,AL,162,74,88,708,782
SEA,1983,AL,162,60,102,558,740
TEX,1983,AL,163,77,85,639,609
TOR,1983,AL,162,89,73,795,726
ATL,1983,NL,162,88,74,746,640
CHN,1983,NL,162,71,91,701,719
CIN,1983,NL,162,74,88,623,710
HOU,1983,NL,162,85,77,643,646
LAN,1983,NL,163,91,71,654,609
MON,1983,NL,163,82,80,677,646
NYN,1983,NL,162,68,94,575,680
PHI,1983,NL,163,90,72,696,635
PIT,1983,NL,162,84,78,659,648
SDN,1983,NL,163,81,81,653,653
SFN,1983,NL,162,79,83,687,697
SLN,1983,NL,162,79,83,679,710
BAL,1984,AL,162,85,77,681,667
BOS,1984,AL,162,86,76,810,764
CAL,1984,AL,162,81,81,696,697
CHA,1984,AL,162,74,88,679,736
CLE,1984,AL,163,75,87,761,766
DET,1984,AL,162,104,58,829,643
KCA,1984,AL,162,84,78,673,686
MIN,1984,AL,162,81,81,673,675
ML4,1984,AL,161,67,94,641,734
NYA,1984,AL,162,87,75,758,679
OAK,1984,AL,162,77,85,738,796
SEA,1984,AL,162,74,88,682,774
TEX,1984,AL,161,69,92,656,714
TOR,1984,AL,163,89,73,750,696
ATL,1984,NL,162,80,82,632,655
CHN,1984,NL,161,96,65,762,658
CIN,1984,NL,162,70,92,627,747
HOU,1984,NL,162,80,82,693,630
LAN,1984,NL,162,79,83,580,600
MON,1984,NL,161,78,83,593,585
NYN,1984,NL,162,90,72,652,676
PHI,1984,NL,162,81,81,720,690
PIT,1984,NL,162,75,87,615,567
SDN,1984,NL,162,92,70,686,634
SFN,1984,NL,162,66,96,682,807
SLN,1984,NL,162,84,78,652,645
BAL,1985,AL,161,83,78,818,764
BOS,1985,AL,163,81,81,800,720
CAL,1985,AL,162,90,72,732,703
CHA,1985,AL,163,85,77,736,720
CLE,1985,AL,162,60,102,729,861
DET,1985,AL,161,84,77,729,688
KCA,1985,AL,162,91,71,687,639
MIN,1985,AL,162,77,85,705,782
ML4,1985,AL,161,71,90,690,802
NYA,1985,AL,161,97,64,839,660
OAK,1985,AL,162,77,85,757,787
SEA,1985,AL,162,74,88,719,818
TEX,1985,AL,161,62,99,617,785
TOR,1985,AL,161,99,62,759,588
ATL,1985,NL,162,66,96,632,781
CHN,1985,NL,162,77,84,686,729
CIN,1985,NL,162,89,72,677,666
HOU,1985,NL,162,83,79,706,691
LAN,1985,NL,162,95,67,682,579
MON,1985,NL,161,84,77,633,636
NYN,1985,NL,162,98,64,695,568
PHI,1985,NL,162,75,87,667,673
PIT,1985,NL,161,57,104,568,708
SDN,1985,NL,162,83,79,650,622
SFN,1985,NL,162,62,100,556,674
SLN,1985,NL,162,101,61,747,572
BAL,1986,AL,162,73,89,708,760
BOS,1986,AL,161,95,66,794,696
CAL,1986,AL,162,92,70,786,684
CHA,1986,AL,162,72,90,644,699
CLE,1986,AL,163,84,78,831,841
DET,1986,AL,162,87,75,798,714
KCA,1986,AL,162,76,86,654,673
MIN,1986,AL,162,71,91,741,839
ML4,1986,AL,161,77,84,667,734
NYA,1986,AL,162,90,72,797,738
OAK,1986,AL,162,76,86,731,760
SEA,1986,AL,162,67,95,718,835
TEX,1986,AL,162,87,75,771,743
TOR,1986,AL,163,86,76,809,733
ATL,1986,NL,161,72,89,615,719
CHN,1986,NL,160,70,90,680,781
CIN,1986,NL,162,86,76,732,717
HOU,1986,NL,162,96,66,654,569
LAN,1986,NL,162,73,89,638,679
MON,1986,NL,161,78,83,637,688
NYN,1986,NL,162,108,54,783,578
PHI,1986,NL,161,86,75,739,713
PIT,1986,NL,162,64,98,663,700
SDN,1986,NL,162,74,88,656,723
SFN,1986,NL,162,83,79,698,618
SLN,1986,NL,161,79,82,601,611
BAL,1987,AL,162,67,95,729,880
BOS,1987,AL,162,78,84,842,825
CAL,1987,AL,162,75,87,770,803
CHA,1987,AL,162,77,85,748,746
CLE,1987,AL,162,61,101,742,957
DET,1987,AL,162,98,64,896,735
KCA,1987,AL,162,83,79,715,691
MIN,1987,AL,162,85,77,786,806
ML4,1987,AL,162,91,71,862,817
NYA,1987,AL,162,89,73,788,758
OAK,1987,AL,162,81,81,806,789
SEA,1987,AL,162,78,84,760,801
TEX,1987,AL,162,75,87,823,849
TOR,1987,AL,162,96,66,845,655
ATL,1987,NL,161,69,92,747,829
CHN,1987,NL,161,76,85,720,801
CIN,1987,NL,162,84,78,783,752
HOU,1987,NL,162,76,86,648,678
LAN,1987,NL,162,73,89,635,675
MON,1987,NL,162,91,71,741,720
NYN,1987,NL,162,92,70,823,698
PHI,1987,NL,162,80,82,702,749
PIT,1987,NL,162,80,82,723,744
SDN,1987,NL,162,65,97,668,763
SFN,1987,NL,162,90,72,783,669
SLN,1987,NL,162,95,67,798,693
BAL,1988,AL,161,54,107,550,789
BOS,1988,AL,162,89,73,813,689
CAL,1988,AL,162,75,87,714,771
CHA,1988,AL,161,71,90,631,757
CLE,1988,AL,162,78,84,666,731
DET,1988,AL,162,88,74,703,658
KCA,1988,AL,161,84,77,704,648
MIN,1988,AL,162,91,71,759,672
ML4,1988,AL,162,87,75,682,616
NYA,1988,AL,161,85,76,772,748
OAK,1988,AL,162,104,58,800,620
SEA,1988,AL,161,68,93,664,744
TEX,1988,AL,161,70,91,637,735
TOR,1988,AL,162,87,75,763,680
ATL,1988,NL,160,54,106,555,741
CHN,1988,NL,163,77,85,660,694
CIN,1988,NL,161,87,74,641,596
HOU,1988,NL,162,82,80,617,631
LAN,1988,NL,162,94,67,628,544
MON,1988,NL,163,81,81,628,592
NYN,1988,NL,160,100,60,703,532
PHI,1988,NL,162,65,96,597,734
PIT,1988,NL,160,85,75,651,616
SDN,1988,NL,161,83,78,594,583
SFN,1988,NL,162,83,79,670,626
SLN,1988,NL,162,76,86,578,633
BAL,1989,AL,162,87,75,708,686
BOS,1989,AL,162,83,79,774,735
CAL,1989,AL,162,91,71,669,578
CHA,1989,AL,161,69,92,693,750
CLE,1989,AL,162,73,89,604,654
DET,1989,AL,162,59,103,617,816
KCA,1989,AL,162,92,70,690,635
MIN,1989,AL,162,80,82,740,738
ML4,1989,AL,162,81,81,707,679
NYA,1989,AL,161,74,87,698,792
OAK,1989,AL,162,99,63,712,576
SEA,1989,AL,162,73,89,694,728
TEX,1989,AL,162,83,79,695,714
TOR,1989,AL,162,89,73,731,651
ATL,1989,NL,161,63,97,584,680
CHN,1989,NL,162,93,69,702,623
CIN,1989,NL,162,75,87,632,691
HOU,1989,NL,162,86,76,647,669
LAN,1989,NL,160,77,83,554,536
MON,1989,NL,162,81,81,632,630
NYN,1989,NL,162,87,75,683,595
PHI,1989,NL,163,67,95,629,735
PIT,1989,NL,164,74,88,637,680
SDN,1989,NL,162,89,73,642,626
SFN,1989,NL,162,92,70,699,600
SLN,1989,NL,164,86,76,632,608
BAL,1990,AL,161,76,85,669,698
BOS,1990,AL,162,88,74,699,664
CAL,1990,AL,162,80,82,690,706
CHA,1990,AL,162,94,68,682,633
CLE,1990,AL,162,77,85,732,737
DET,1990,AL,162,79,83,750,754
KCA,1990,AL,161,75,86,707,709
MIN,1990,AL,162,74,88,666,729
ML4,1990,AL,162,74,88,732,760
NYA,1990,AL,162,67,95,603,749
OAK,1990,AL,162,103,59,733,570
SEA,1990,AL,162,77,85,640,680
TEX,1990,AL,162,83,79,676,696
TOR,1990,AL,162,86,76,767,661
ATL,1990,NL,162,65,97,682,821
CHN,1990,NL,162,77,85,690,774
CIN,1990,NL,162,91,71,693,597
HOU,1990,NL,162,75,87,573,656
LAN,1990,NL,162,86,76,728,685
MON,1990,NL,162,85,77,662,598
NYN,1990,NL,162,91,71,775,613
PHI,1990,NL,162,77,85,646,729
PIT,1990,NL,162,95,67,733,619
SDN,1990,NL,162,75,87,673,673
SFN,1990,NL,162,85,77,719,710
SLN,1990,NL,162,70,92,599,698
BAL,1991,AL,162,67,95,686,796
BOS,1991,AL,162,84,78,731,712
CAL,1991,AL,162,81,81,653,649
CHA,1991,AL,162,87,75,758,681
CLE,1991,AL,162,57,105,576,759
DET,1991,AL,162,84,78,817,794
KCA,1991,AL,162,82,80,727,722
MIN,1991,AL,162,95,67,776,652
ML4,1991,AL,162,83,79,799,744
NYA,1991,AL,162,71,91,674,777
OAK,1991,AL,162,84,78,760,776
SEA,1991,AL,162,83,79,702,674
TEX,1991,AL,162,85,77,829,814
TOR,1991,AL,162,91,71,684,622
ATL,1991,NL,162,94,68,749,644
CHN,1991,NL,160,77,83,695,734
CIN,1991,NL,162,74,88,689,691
HOU,1991,NL,162,65,97,605,717
LAN,1991,NL,162,93,69,665,565
MON,1991,NL,161,71,90,579,655
NYN,1991,NL,161,77,84,640,646
PHI,1991,NL,162,78,84,629,680
PIT,1991,NL,162,98,64,768,632
SDN,1991,NL,162,84,78,636,646
SFN,1991,NL,162,75,87,649,697
SLN,1991,NL,162,84,78,651,648
BAL,1992,AL,162,89,73,705,656
BOS,1992,AL,162,73,89,599,669
CAL,1992,AL,162,72,90,579,671
CHA,1992,AL,162,86,76,738,690
CLE,1992,AL,162,76,86,674,746
DET,1992,AL,162,75,87,791,794
KCA,1992,AL,162,72,90,610,667
MIN,1992,AL,162,90,72,747,653
ML4,1992,AL,162,92,70,740,604
NYA,1992,AL,162,76,86,733,746
OAK,1992,AL,162,96,66,745,672
SEA,1992,AL,162,64,98,679,799
TEX,1992,AL,162,77,85,682,753
TOR,1992,AL,162,96,66,780,682
ATL,1992,NL,162,98,64,682,569
CHN,1992,NL,162,78,84,593,624
CIN,1992,NL,162,90,72,660,609
HOU,1992,NL,162,81,81,608,668
LAN,1992,NL,162,63,99,548,636
MON,1992,NL,162,87,75,648,581
NYN,1992,NL,162,72,90,599,653
PHI,1992,NL,162,70,92,686,717
PIT,1992,NL,162,96,66,693,595
SDN,1992,NL,162,82,80,617,636
SFN,1992,NL,162,72,90,574,647
SLN,1992,NL,162,83,79,631,604
BAL,1993,AL,162,85,77,786,745
BOS,1993,AL,162,80,82,686,698
CAL,1993,AL,162,71,91,684,770
CHA,1993,AL,162,94,68,776,664
CLE,1993,AL,162,76,86,790,813
DET,1993,AL,162,85,77,899,837
KCA,1993,AL,162,84,78,675,694
MIN,1993,AL,162,71,91,693,830
ML4,1993,AL,162,69,93,733,792
NYA,1993,AL,162,88,74,821,761
OAK,1993,AL,162,68,94,715,846
SEA,1993,AL,162,82,80,734,731
TEX,1993,AL,162,86,76,835,751
TOR,1993,AL,162,95,67,847,742
ATL,1993,NL,162,104,58,767,559
CHN,1993,NL,163,84,78,738,739
CIN,1993,NL,162,73,89,722,785
COL,1993,NL,162,67,95,758,967
FLO,1993,NL,162,64,98,581,724
HOU,1993,NL,162,85,77,716,630
LAN,1993,NL,162,81,81,675,662
MON,1993,NL,163,94,68,732,682
NYN,1993,NL,162,59,103,672,744
PHI,1993,NL,162,97,65,877,740
PIT,1993,NL,162,75,87,707,806
SDN,1993,NL,162,61,101,679,772
SFN,1993,NL,162,103,59,808,636
SLN,1993,NL,162,87,75,758,744
BAL,1994,AL,112,63,49,589,497
BOS,1994,AL,115,54,61,552,621
CAL,1994,AL,115,47,68,543,660
CHA,1994,AL,113,67,46,633,498
CLE,1994,AL,113,66,47,679,562
DET,1994,AL,115,53,62,652,671
KCA,1994,AL,115,64,51,574,532
MIN,1994,AL,113,53,60,594,688
ML4,1994,AL,115,53,62,547,586
NYA,1994,AL,113,70,43,670,534
OAK,1994,AL,114,51,63,549,589
SEA,1994,AL,112,49,63,569,616
TEX,1994,AL,114,52,62,613,697
TOR,1994,AL,115,55,60,566,579
ATL,1994,NL,114,68,46,542,448
CHN,1994,NL,113,49,64,500,549
CIN,1994,NL,115,66,48,609,490
COL,1994,NL,117,53,64,573,638
FLO,1994,NL,115,51,64,468,576
HOU,1994,NL,115,66,49,602,503
LAN,1994,NL,114,58,56,532,509
MON,1994,NL,114,74,40,585,454
NYN,1994,NL,113,55,58,506,526
PHI,1994,NL,115,54,61,521,497
PIT,1994,NL,114,53,61,466,580
SDN,1994,NL,117,47,70,479,531
SFN,1994,NL,115,55,60,504,500
SLN,1994,NL,115,53,61,535,621
BAL,1995,AL,144,71,73,704,640
BOS,1995,AL,144,86,58,791,698
CAL,1995,AL,145,78,67,801,697
CHA,1995,AL,145,68,76,755,758
CLE,1995,AL,144,100,44,840,607
DET,1995,AL,144,60,84,654,844
KCA,1995,AL,144,70,74,629,691
MIN,1995,AL,144,56,88,703,889
ML4,1995,AL,144,65,79,740,747
NYA,1995,AL,145,79,65,749,688
OAK,1995,AL,144,67,77,730,761
SEA,1995,AL,145,79,66,796,708
TEX,1995,AL,144,74,70,691,720
TOR,1995,AL,144,56,88,642,777
ATL,1995,NL,144,90,54,645,540
CHN,1995,NL,144,73,71,693,671
CIN,1995,NL,144,85,59,747,623
COL,1995,NL,144,77,67,785,783
FLO,1995,NL,143,67,76,673,673
HOU,1995,NL,144,76,68,747,674
LAN,1995,NL,144,78,66,634,609
MON,1995,NL,144,66,78,621,638
NYN,1995,NL,144,69,75,657,618
PHI,1995,NL,144,69,75,615,658
PIT,1995,NL,144,58,86,629,736
SDN,1995,NL,144,70,74,668,672
SFN,1995,NL,144,67,77,652,776
SLN,1995,NL,143,62,81,563,658
BAL,1996,AL,163,88,74,949,903
BOS,1996,AL,162,85,77,928,921
CAL,1996,AL,161,70,91,762,943
CHA,1996,AL,162,85,77,898,794
CLE,1996,AL,161,99,62,952,769
DET,1996,AL,162,53,109,783,1103
KCA,1996,AL,161,75,86,746,786
MIN,1996,AL,162,78,84,877,900
ML4,1996,AL,162,80,82,894,899
NYA,1996,AL,162,92,70,871,787
OAK,1996,AL,162,78,84,861,900
SEA,1996,AL,161,85,76,993,895
TEX,1996,AL,163,90,72,928,799
TOR,1996,AL,162,74,88,766,809
ATL,1996,NL,162,96,66,773,648
CHN,1996,NL,162,76,86,772,771
CIN,1996,NL,162,81,81,778,773
COL,1996,NL,162,83,79,961,964
FLO,1996,NL,162,80,82,688,703
HOU,1996,NL,162,82,80,753,792
LAN,1996,NL,162,90,72,703,652
MON,1996,NL,162,88,74,741,668
NYN,1996,NL,162,71,91,746,779
PHI,1996,NL,162,67,95,650,790
PIT,1996,NL,162,73,89,776,833
SDN,1996,NL,162,91,71,771,682
SFN,1996,NL,162,68,94,752,862
SLN,1996,NL,162,88,74,759,706
ANA,1997,AL,162,84,78,829,794
BAL,1997,AL,162,98,64,812,681
BOS,1997,AL,162,78,84,851,857
CHA,1997,AL,161,80,81,779,833
CLE,1997,AL,161,86,75,868,815
DET,1997,AL,162,79,83,784,790
KCA,1997,AL,161,67,94,747,820
MIN,1997,AL,162,68,94,772,861
ML4,1997,AL,161,78,83,681,742
NYA,1997,AL,162,96,66,891,688
OAK,1997,AL,162,65,97,764,946
SEA,1997,AL,162,90,72,925,833
TEX,1997,AL,162,77,85,807,823
TOR,1997,AL,162,76,86,654,694
ATL,1997,NL,162,101,61,791,581
CHN,1997,NL,162,68,94,687,759
CIN,1997,NL,162,76,86,651,764
COL,1997,NL,162,83,79,923,908
FLO,1997,NL,162,92,70,740,669
HOU,1997,NL,162,84,78,777,660
LAN,1997,NL,162,88,74,742,645
MON,1997,NL,162,78,84,691,740
NYN,1997,NL,162,88,74,777,709
PHI,1997,NL,162,68,94,668,840
PIT,1997,NL,162,79,83,725,760
SDN,1997,NL,162,76,86,795,891
SFN,1997,NL,162,90,72,784,793
SLN,1997,NL,162,73,89,689,708
ANA,1998,AL,162,85,77,787,783
BAL,1998,AL,162,79,83,817,785
BOS,1998,AL,162,92,70,876,729
CHA,1998,AL,163,80,82,861,931
CLE,1998,AL,162,89,73,850,779
DET,1998,AL,162,65,97,722,863
KCA,1998,AL,161,72,89,714,899
MIN,1998,AL,162,70,92,734,818
NYA,1998,AL,162,114,48,965,656
OAK,1998,AL,162,74,88,804,866
SEA,1998,AL,161,76,85,859,855
TBA,1998,AL,162,63,99,620,751
TEX,1998,AL,162,88,74,940,871
TOR,1998,AL,163,88,74,816,768
ARI,1998,NL,162,65,97,665,812
ATL,1998,NL,162,106,56,826,581
CHN,1998,NL,163,90,73,831,792
CIN,1998,NL,162,77,85,750,760
COL,1998,NL,162,77,85,826,855
FLO,1998,NL,162,54,108,667,923
HOU,1998,NL,162,102,60,874,620
LAN,1998,NL,162,83,79,669,678
MIL,1998,NL,162,74,88,707,812
MON,1998,NL,162,65,97,644,783
NYN,1998,NL,162,88,74,706,645
PHI,1998,NL,162,75,87,713,808
PIT,1998,NL,163,69,93,650,718
SDN,1998,NL,162,98,64,749,635
SFN,1998,NL,163,89,74,845,739
SLN,1998,NL,163,83,79,810,782
ANA,1999,AL,162,70,92,711,826
BAL,1999,AL,162,78,84,851,815
BOS,1999,AL,162,94,68,836,718
CHA,1999,AL,162,75,86,777,870
CLE,1999,AL,162,97,65,1009,860
DET,1999,AL,161,69,92,747,882
KCA,1999,AL,161,64,97,856,921
MIN,1999,AL,161,63,97,686,845
NYA,1999,AL,162,98,64,900,731
OAK,1999,AL,162,87,75,893,846
SEA,1999,AL,162,79,83,859,905
TBA,1999,AL,162,69,93,772,913
TEX,1999,AL,162,95,67,945,859
TOR,1999,AL,162,84,78,883,862
ARI,1999,NL,162,100,62,908,676
ATL,1999,NL,162,103,59,840,661
CHN,1999,NL,162,67,95,747,920
CIN,1999,NL,163,96,67,865,711
COL,1999,NL,162,72,90,906,1028
FLO,1999,NL,162,64,98,691,852
HOU,1999,NL,162,97,65,823,675
LAN,1999,NL,162,77,85,793,787
MIL,1999,NL,161,74,87,815,886
MON,1999,NL,162,68,94,718,853
NYN,1999,NL,163,97,66,853,711
PHI,1999,NL,162,77,85,841,846
PIT,1999,NL,161,78,83,775,782
SDN,1999,NL,162,74,88,710,781
SFN,1999,NL,162,86,76,872,831
SLN,1999,NL,161,75,86,809,838
ANA,2000,AL,162,82,80,864,869
BAL,2000,AL,162,74,88,794,913
BOS,2000,AL,162,85,77,792,745
CHA,2000,AL,162,95,67,978,839
CLE,2000,AL,162,90,72,950,816
DET,2000,AL,162,79,83,823,827
KCA,2000,AL,162,77,85,879,930
MIN,2000,AL,162,69,93,748,880
NYA,2000,AL,161,87,74,871,814
OAK,2000,AL,161,91,70,947,813
SEA,2000,AL,162,91,71,907,780
TBA,2000,AL,161,69,92,733,842
TEX,2000,AL,162,71,91,848,974
TOR,2000,AL,162,83,79,861,908
ARI,2000,NL,162,85,77,792,754
ATL,2000,NL,162,95,67,810,714
CHN,2000,NL,162,65,97,764,904
CIN,2000,NL,163,85,77,825,765
COL,2000,NL,162,82,80,968,897
FLO,2000,NL,161,79,82,731,797
HOU,2000,NL,162,72,90,938,944
LAN,2000,NL,162,86,76,798,729
MIL,2000,NL,163,73,89,740,826
MON,2000,NL,162,67,95,738,902
NYN,2000,NL,162,94,68,807,738
PHI,2000,NL,162,65,97,708,830
PIT,2000,NL,162,69,93,793,888
SDN,2000,NL,162,76,86,752,815
SFN,2000,NL,162,97,65,925,747
SLN,2000,NL,162,95,67,887,771
ANA,2001,AL,162,75,87,691,730
BAL,2001,AL,162,63,98,687,829
BOS,2001,AL,161,82,79,772,745
CHA,2001,AL,162,83,79,798,795
CLE,2001,AL,162,91,71,897,821
DET,2001,AL,162,66,96,724,876
KCA,2001,AL,162,65,97,729,858
MIN,2001,AL,162,85,77,771,766
NYA,2001,AL,161,95,65,804,713
OAK,2001,AL,162,102,60,884,645
SEA,2001,AL,162,116,46,927,627
TBA,2001,AL,162,62,100,672,887
TEX,2001,AL,162,73,89,890,968
TOR,2001,AL,162,80,82,767,753
ARI,2001,NL,162,92,70,818,677
ATL,2001,NL,162,88,74,729,643
CHN,2001,NL,162,88,74,777,701
CIN,2001,NL,162,66,96,735,850
COL,2001,NL,162,73,89,923,906
FLO,2001,NL,162,76,86,742,744
HOU,2001,NL,162,93,69,847,769
LAN,2001,NL,162,86,76,758,744
MIL,2001,NL,162,68,94,740,806
MON,2001,NL,162,68,94,670,812
NYN,2001,NL,162,82,80,642,713
PHI,2001,NL,162,86,76,746,719
PIT,2001,NL,162,62,100,657,858
SDN,2001,NL,162,79,83,789,812
SFN,2001,NL,162,90,72,799,748
SLN,2001,NL,162,93,69,814,684
ANA,2002,AL,162,99,63,851,644
BAL,2002,AL,162,67,95,667,773
BOS,2002,AL,162,93,69,859,665
CHA,2002,AL,162,81,81,856,798
CLE,2002,AL,162,74,88,739,837
DET,2002,AL,161,55,106,575,864
KCA,2002,AL,162,62,100,737,891
MIN,2002,AL,161,94,67,768,712
NYA,2002,AL,161,103,58,897,697
OAK,2002,AL,162,103,59,800,654
SEA,2002,AL,162,93,69,814,699
TBA,2002,AL,161,55,106,673,918
TEX,2002,AL,162,72,90,843,882
TOR,2002,AL,162,78,84,813,828
ARI,2002,NL,162,98,64,819,674
ATL,2002,NL,161,101,59,708,565
CHN,2002,NL,162,67,95,706,759
CIN,2002,NL,162,78,84,709,774
COL,2002,NL,162,73,89,778,898
FLO,2002,NL,162,79,83,699,763
HOU,2002,NL,162,84,78,749,695
LAN,2002,NL,162,92,70,713,643
MIL,2002,NL,162,56,106,627,821
MON,2002,NL,162,83,79,735,718
NYN,2002,NL,161,75,86,690,703
PHI,2002,NL,161,80,81,710,724
PIT,2002,NL,161,72,89,641,730
SDN,2002,NL,162,66,96,662,815
SFN,2002,NL,162,95,66,783,616
SLN,2002,NL,162,97,65,787,648
ANA,2003,AL,162,77,85,736,743
BAL,2003,AL,163,71,91,743,820
BOS,2003,AL,162,95,67,961,809
CHA,2003,AL,162,86,76,791,715
CLE,2003,AL,162,68,94,699,778
DET,2003,AL,162,43,119,591,928
KCA,2003,AL,162,83,79,836,867
MIN,2003,AL,162,90,72,801,758
NYA,2003,AL,163,101,61,877,716
OAK,2003,AL,162,96,66,768,643
SEA,2003,AL,162,93,69,795,637
TBA,2003,AL,162,63,99,715,852
TEX,2003,AL,162,71,91,826,969
TOR,2003,AL,162,86,76,894,826
ARI,2003,NL,162,84,78,717,685
ATL,2003,NL,162,101,61,907,740
CHN,2003,NL,162,88,74,724,683
CIN,2003,NL,162,69,93,694,886
COL,2003,NL,162,74,88,853,892
FLO,2003,NL,162,91,71,751,692
HOU,2003,NL,162,87,75,805,677
LAN,2003,NL,162,85,77,574,556
MIL,2003,NL,162,68,94,714,873
MON,2003,NL,162,83,79,711,716
NYN,2003,NL,161,66,95,642,754
PHI,2003,NL,162,86,76,791,697
PIT,2003,NL,162,75,87,753,801
SDN,2003,NL,162,64,98,678,831
SFN,2003,NL,161,100,61,755,638
SLN,2003,NL,162,85,77,876,796
ANA,2004,AL,162,92,70,836,734
BAL,2004,AL,162,78,84,842,830
BOS,2004,AL,162,98,64,949,768
CHA,2004,AL,162,83,79,865,831
CLE,2004,AL,162,80,82,858,857
DET,2004,AL,162,72,90,827,844
KCA,2004,AL,162,58,104,720,905
MIN,2004,AL,162,92,70,780,715
NYA,2004,AL,162,101,61,897,808
OAK,2004,AL,162,91,71,793,742
SEA,2004,AL,162,63,99,698,823
TBA,2004,AL,161,70,91,714,842
TEX,2004,AL,162,89,73,860,794
TOR,2004,AL,161,67,94,719,823
ARI,2004,NL,162,51,111,615,899
ATL,2004,NL,162,96,66,803,668
CHN,2004,NL,162,89,73,789,665
CIN,2004,NL,162,76,86,750,907
COL,2004,NL,162,68,94,833,923
FLO,2004,NL,162,83,79,718,700
HOU,2004,NL,162,92,70,803,698
LAN,2004,NL,162,93,69,761,684
MIL,2004,NL,161,67,94,634,757
MON,2004,NL,162,67,95,635,769
NYN,2004,NL,162,71,91,684,731
PHI,2004,NL,162,86,76,840,781
PIT,2004,NL,161,72,89,680,744
SDN,2004,NL,162,87,75,768,705
SFN,2004,NL,162,91,71,850,770
SLN,2004,NL,162,105,57,855,659
BAL,2005,AL,162,74,88,729,800
BOS,2005,AL,162,95,67,910,805
CHA,2005,AL,162,99,63,741,645
CLE,2005,AL,162,93,69,790,642
DET,2005,AL,162,71,91,723,787
KCA,2005,AL,162,56,106,701,935
LAA,2005,AL,162,95,67,761,643
MIN,2005,AL,162,83,79,688,662
NYA,2005,AL,162,95,67,886,789
OAK,2005,AL,162,88,74,772,658
SEA,2005,AL,162,69,93,699,751
TBA,2005,AL,162,67,95,750,936
TEX,2005,AL,162,79,83,865,858
TOR,2005,AL,162,80,82,775,705
ARI,2005,NL,162,77,85,696,856
ATL,2005,NL,162,90,72,769,674
CHN,2005,NL,162,79,83,703,714
CIN,2005,NL,163,73,89,820,889
COL,2005,NL,162,67,95,740,862
FLO,2005,NL,162,83,79,717,732
HOU,2005,NL,163,89,73,693,609
LAN,2005,NL,162,71,91,685,755
MIL,2005,NL,162,81,81,726,697
NYN,2005,NL,162,83,79,722,648
PHI,2005,NL,162,88,74,807,726
PIT,2005,NL,162,67,95,680,769
SDN,2005,NL,162,82,80,684,726
SFN,2005,NL,162,75,87,649,745
SLN,2005,NL,162,100,62,805,634
WAS,2005,NL,162,81,81,639,673
BAL,2006,AL,162,70,92,768,899
BOS,2006,AL,162,86,76,820,825
CHA,2006,AL,162,90,72,868,794
CLE,2006,AL,162,78,84,870,782
DET,2006,AL,162,95,67,822,675
KCA,2006,AL,162,62,100,757,971
LAA,2006,AL,162,89,73,766,732
MIN,2006,AL,162,96,66,801,683
NYA,2006,AL,162,97,65,930,767
OAK,2006,AL,162,93,69,771,727
SEA,2006,AL,162,78,84,756,792
TBA,2006,AL,162,61,101,689,856
TEX,2006,AL,162,80,82,835,784
TOR,2006,AL,162,87,75,809,754
ARI,2006,NL,162,76,86,773,788
ATL,2006,NL,162,79,83,849,805
CHN,2006,NL,162,66,96,716,834
CIN,2006,NL,162,80,82,749,801
COL,2006,NL,162,76,86,813,812
FLO,2006,NL,162,78,84,758,772
HOU,2006,NL,162,82,80,735,719
LAN,2006,NL,162,88,74,820,751
MIL,2006,NL,162,75,87,730,833
NYN,2006,NL,162,97,65,834,731
PHI,2006,NL,162,85,77,865,812
PIT,2006,NL,162,67,95,691,797
SDN,2006,NL,162,88,74,731,679
SFN,2006,NL,161,76,85,746,790
SLN,2006,NL,161,83,78,781,762
WAS,2006,NL,162,71,91,746,872
BAL,2007,AL,162,69,93,756,868
BOS,2007,AL,162,96,66,867,657
CHA,2007,AL,162,72,90,693,839
CLE,2007,AL,162,96,66,811,704
DET,2007,AL,162,88,74,887,797
KCA,2007,AL,162,69,93,706,778
LAA,2007,AL,162,94,68,822,731
MIN,2007,AL,162,79,83,718,725
NYA,2007,AL,162,94,68,968,777
OAK,2007,AL,162,76,86,741,758
SEA,2007,AL,162,88,74,794,813
TBA,2007,AL,162,66,96,782,944
TEX,2007,AL,162,75,87,816,844
TOR,2007,AL,162,83,79,753,699
ARI,2007,NL,162,90,72,712,732
ATL,2007,NL,162,84,78,810,733
CHN,2007,NL,162,85,77,752,690
CIN,2007,NL,162,72,90,783,853
COL,2007,NL,163,90,73,860,758
FLO,2007,NL,162,71,91,790,891
HOU,2007,NL,162,73,89,723,813
LAN,2007,NL,162,82,80,735,727
MIL,2007,NL,162,83,79,801,776
NYN,2007,NL,162,88,74,804,750
PHI,2007,NL,162,89,73,892,821
PIT,2007,NL,162,68,94,724,846
SDN,2007,NL,163,89,74,741,666
SFN,2007,NL,162,71,91,683,720
SLN,2007,NL,162,78,84,725,829
WAS,2007,NL,162,73,89,673,783
BAL,2008,AL,161,68,93,782,869
BOS,2008,AL,162,95,67,845,694
CHA,2008,AL,163,89,74,811,729
CLE,2008,AL,162,81,81,805,761
DET,2008,AL,162,74,88,821,857
KCA,2008,AL,162,75,87,691,781
LAA,2008,AL,162,100,62,765,697
MIN,2008,AL,163,88,75,829,745
NYA,2008,AL,162,89,73,789,727
OAK,2008,AL,161,75,86,646,690
SEA,2008,AL,162,61,101,671,811
TBA,2008,AL,162,97,65,774,671
TEX,2008,AL,162,79,83,901,967
TOR,2008,AL,162,86,76,714,610
ARI,2008,NL,162,82,80,720,706
ATL,2008,NL,162,72,90,753,778
CHN,2008,NL,161,97,64,855,671
CIN,2008,NL,162,74,88,704,800
COL,2008,NL,162,74,88,747,822
FLO,2008,NL,161,84,77,770,767
HOU,2008,NL,161,86,75,712,743
LAN,2008,NL,162,84,78,700,648
MIL,2008,NL,162,90,72,750,689
NYN,2008,NL,162,89,73,799,715
PHI,2008,NL,162,92,70,799,680
PIT,2008,NL,162,67,95,735,884
SDN,2008,NL,162,63,99,637,764
SFN,2008,NL,162,72,90,640,759
SLN,2008,NL,162,86,76,779,725
WAS,2008,NL,161,59,102,641,825
BAL,2009,AL,162,64,98,741,876
BOS,2009,AL,162,95,67,872,736
CHA,2009,AL,162,79,83,724,732
CLE,2009,AL,162,65,97,773,865
DET,2009,AL,163,86,77,743,745
KCA,2009,AL,162,65,97,686,842
LAA,2009,AL,162,97,65,883,761
MIN,2009,AL,163,87,76,817,765
NYA,2009,AL,162,103,59,915,753
OAK,2009,AL,162,75,87,759,761
SEA,2009,AL,162,85,77,640,692
TBA,2009,AL,162,84,78,803,754
TEX,2009,AL,162,87,75,784,740
TOR,2009,AL,162,75,87,798,771
ARI,2009,NL,162,70,92,720,782
ATL,2009,NL,162,86,76,735,641
CHN,2009,NL,161,83,78,707,672
CIN,2009,NL,162,78,84,673,723
COL,2009,NL,162,92,70,804,715
FLO,2009,NL,162,87,75,772,766
HOU,2009,NL,162,74,88,643,770
LAN,2009,NL,162,95,67,780,611
MIL,2009,NL,162,80,82,785,818
NYN,2009,NL,162,70,92,671,757
PHI,2009,NL,162,93,69,820,709
PIT,2009,NL,161,62,99,636,768
SDN,2009,NL,162,75,87,638,769
SFN,2009,NL,162,88,74,657,611
SLN,2009,NL,162,91,71,730,640
WAS,2009,NL,162,59,103,710,874
BAL,2010,AL,162,66,96,613,785
BOS,2010,AL,162,89,73,818,744
CHA,2010,AL,162,88,74,752,704
CLE,2010,AL,162,69,93,646,752
DET,2010,AL,162,81,81,751,743
KCA,2010,AL,162,67,95,676,845
LAA,2010,AL,162,80,82,681,702
MIN,2010,AL,162,94,68,781,671
NYA,2010,AL,162,95,67,859,693
OAK,2010,AL,162,81,81,663,626
SEA,2010,AL,162,61,101,513,698
TBA,2010,AL,162,96,66,802,649
TEX,2010,AL,162,90,72,787,687
TOR,2010,AL,162,85,77,755,728
ARI,2010,NL,162,65,97,713,836
ATL,2010,NL,162,91,71,738,629
CHN,2010,NL,162,75,87,685,767
CIN,2010,NL,162,91,71,790,685
COL,2010,NL,162,83,79,770,717
FLO,2010,NL,162,80,82,719,717
HOU,2010,NL,162,76,86,611,729
LAN,2010,NL,162,80,82,667,692
MIL,2010,NL,162,77,85,750,804
NYN,2010,NL,162,79,83,656,652
PHI,2010,NL,162,97,65,772,640
PIT,2010,NL,162,57,105,587,866
SDN,2010,NL,162,90,72,665,581
SFN,2010,NL,162,92,70,697,583
SLN,2010,NL,162,86,76,736,641
WAS,2010,NL,162,69,93,655,742
BAL,2011,AL,162,69,93,708,860
BOS,2011,AL,162,90,72,875,737
CHA,2011,AL,162,79,83,654,706
CLE,2011,AL,162,80,82,704,760
DET,2011,AL,162,95,67,787,711
KCA,2011,AL,162,71,91,730,762
LAA,2011,AL,162,86,76,667,633
MIN,2011,AL,162,63,99,619,804
NYA,2011,AL,162,97,65,867,657
OAK,2011,AL,162,74,88,645,679
SEA,2011,AL,162,67,95,556,675
TBA,2011,AL,162,91,71,707,614
TEX,2011,AL,162,96,66,855,677
TOR,2011,AL,162,81,81,743,761
ARI,2011,NL,162,94,68,731,662
ATL,2011,NL,162,89,73,641,605
CHN,2011,NL,162,71,91,654,756
CIN,2011,NL,162,79,83,735,720
COL,2011,NL,162,73,89,735,774
FLO,2011,NL,162,72,90,625,702
HOU,2011,NL,162,56,106,615,796
LAN,2011,NL,161,82,79,644,612
MIL,2011,NL,162,96,66,721,638
NYN,2011,NL,162,77,85,718,742
PHI,2011,NL,162,102,60,713,529
PIT,2011,NL,162,72,90,610,712
SDN,2011,NL,162,71,91,593,611
SFN,2011,NL,162,86,76,570,578
SLN,2011,NL,162,90,72,762,692
WAS,2011,NL,161,80,81,624,643
BAL,2012,AL,162,93,69,712,705
BOS,2012,AL,162,69,93,734,806
CHA,2012,AL,162,85,77,748,676
CLE,2012,AL,162,68,94,667,845
DET,2012,AL,162,88,74,726,670
KCA,2012,AL,162,72,90,676,746
LAA,2012,AL,162,89,73,767,699
MIN,2012,AL,162,66,96,701,832
NYA,2012,AL,162,95,67,804,668
OAK,2012,AL,162,94,68,713,614
SEA,2012,AL,162,75,87,619,651
TBA,2012,AL,162,90,72,697,577
TEX,2012,AL,162,93,69,808,707
TOR,2012,AL,162,73,89,716,784
ARI,2012,NL,162,81,81,734,688
ATL,2012,NL,162,94,68,700,600
CHN,2012,NL,162,61,101,613,759
CIN,2012,NL,162,97,65,669,588
COL,2012,NL,162,64,98,758,890
HOU,2012,NL,162,55,107,583,794
LAN,2012,NL,162,86,76,637,597
MIA,2012,NL,162,69,93,609,724
MIL,2012,NL,162,83,79,776,733
NYN,2012,NL,162,74,88,650,709
PHI,2012,NL,162,81,81,684,680
PIT,2012,NL,162,79,83,651,674
SDN,2012,NL,162,76,86,651,710
SFN,2012,NL,162,94,68,718,649
SLN,2012,NL,162,88,74,765,648
WAS,2012,NL,162,98,64,731,594
BAL,2013,AL,162,85,77,745,709
BOS,2013,AL,162,97,65,853,656
CHA,2013,AL,162,63,99,598,723
CLE,2013,AL,162,92,70,745,662
DET,2013,AL,162,93,69,796,624
HOU,2013,AL,162,51,111,610,848
KCA,2013,AL,162,86,76,648,601
LAA,2013,AL,162,78,84,733,737
MIN,2013,AL,162,66,96,614,788
NYA,2013,AL,162,85,77,650,671
OAK,2013,AL,162,96,66,767,625
SEA,2013,AL,162,71,91,624,754
TBA,2013,AL,163,92,71,700,646
TEX,2013,AL,163,91,72,730,636
TOR,2013,AL,162,74,88,712,756
ARI,2013,NL,162,81,81,685,695
ATL,2013,NL,162,96,66,688,548
CHN,2013,NL,162,66,96,602,689
CIN,2013,NL,162,90,72,698,589
COL,2013,NL,162,74,88,706,760
LAN,2013,NL,162,92,70,649,582
MIA,2013,NL,162,62,100,513,646
MIL,2013,NL,162,74,88,640,687
NYN,2013,NL,162,74,88,619,684
PHI,2013,NL,162,73,89,610,749
PIT,2013,NL,162,94,68,634,577
SDN,2013,NL,162,76,86,618,700
SFN,2013,NL,162,76,86,629,691
SLN,2013,NL,162,97,65,783,596
WAS,2013,NL,162,86,76,656,626
BAL,2014,AL,162,96,66,705,593
BOS,2014,AL,162,71,91,634,715
CHA,2014,AL,162,73,89,660,758
CLE,2014,AL,162,85,77,669,653
DET,2014,AL,162,90,72,757,705
HOU,2014,AL,162,70,92,629,723
KCA,2014,AL,162,89,73,651,624
LAA,2014,AL,162,98,64,773,630
MIN,2014,AL,162,70,92,715,777
NYA,2014,AL,162,84,78,633,664
OAK,2014,AL,162,88,74,729,572
SEA,2014,AL,162,87,75,634,554
TBA,2014,AL,162,77,85,612,625
TEX,2014,AL,162,67,95,637,773
TOR,2014,AL,162,83,79,723,686
ARI,2014,NL,162,64,98,615,742
ATL,2014,NL,162,79,83,573,597
CHN,2014,NL,162,73,89,614,707
CIN,2014,NL,162,76,86,595,612
COL,2014,NL,162,66,96,755,818
LAN,2014,NL,162,94,68,718,617
MIA,2014,NL,162,77,85,645,674
MIL,2014,NL,162,82,80,650,657
NYN,2014,NL,162,79,83,629,618
PHI,2014,NL,162,73,89,619,687
PIT,2014,NL,162,88,74,682,631
SDN,2014,NL,162,77,85,535,577
SFN,2014,NL,162,88,74,665,614
SLN,2014,NL,162,90,72,619,603
WAS,2014,NL,162,96,66,686,555
BAL,2015,AL,162,81,81,713,693
BOS,2015,AL,162,78,84,748,753
CHA,2015,AL,162,76,86,622,701
CLE,2015,AL,161,81,80,669,640
DET,2015,AL,161,74,87,689,803
HOU,2015,AL,162,86,76,729,618
KCA,2015,AL,162,95,67,724,641
LAA,2015,AL,162,85,77,661,675
MIN,2015,AL,162,83,79,696,700
NYA,2015,AL,162,87,75,764,698
OAK,2015,AL,162,68,94,694,729
SEA,2015,AL,162,76,86,656,726
TBA,2015,AL,162,80,82,644,642
TEX,2015,AL,162,88,74,751,733
TOR,2015,AL,162,93,69,891,670
ARI,2015,NL,162,79,83,720,713
ATL,2015,NL,162,67,95,573,760
CHN,2015,NL,162,97,65,689,608
CIN,2015,NL,162,64,98,640,754
COL,2015,NL,162,68,94,737,844
LAN,2015,NL,162,92,70,667,595
MIA,2015,NL,162,71,91,613,678
MIL,2015,NL,162,68,94,655,737
NYN,2015,NL,162,90,72,683,613
PHI,2015,NL,162,63,99,626,809
PIT,2015,NL,162,98,64,697,596
SDN,2015,NL,162,74,88,650,731
SFN,2015,NL,162,84,78,696,627
SLN,2015,NL,162,100,62,647,525
WAS,2015,NL,162,83,79,703,635
BAL,2016,AL,162,89,73,744,715
BOS,2016,AL,162,93,69,878,694
CHA,2016,AL,162,78,84,686,715
CLE,2016,AL,161,94,67,777,676
DET,2016,AL,161,86,75,750,721
HOU,2016,AL,162,84,78,724,701
KCA,2016,AL,162,81,81,675,712
LAA,2016,AL,162,74,88,717,727
MIN,2016,AL,162,59,103,722,889
NYA,2016,AL,162,84,78,680,702
OAK,2016,AL,162,69,93,653,761
SEA,2016,AL,162,86,76,768,707
TBA,2016,AL,162,68,94,672,713
TEX,2016,AL,162,95,67,765,757
TOR,2016,AL,162,89,73,759,666
ARI,2016,NL,162,69,93,752,890
ATL,2016,NL,161,68,93,649,779
CHN,2016,NL,162,103,58,808,556
CIN,2016,NL,162,68,94,716,854
COL,2016,NL,162,75,87,845,860
LAN,2016,NL,162,91,71,725,638
MIA,2016,NL,161,79,82,655,682
MIL,2016,NL,162,73,89,671,733
NYN,2016,NL,162,87,75,671,617
PHI,2016,NL,162,71,91,610,796
PIT,2016,NL,162,78,83,729,758
SDN,2016,NL,162,68,94,686,770
SFN,2016,NL,162,87,75,715,631
SLN,2016,NL,162,86,76,779,712
WAS,2016,NL,162,95,67,763,612
BAL,2017,AL,162,75,87,743,841
BOS,2017,AL,162,93,69,785,668
CHA,2017,AL,162,67,95,706,820
CLE,2017,AL,162,102,60,818,564
DET,2017,AL,162,64,98,735,894
HOU,2017,AL,162,101,61,896,700
KCA,2017,AL,162,80,82,702,791
LAA,2017,AL,162,80,82,710,709
MIN,2017,AL,162,85,77,815,788
NYA,2017,AL,162,91,71,858,660
OAK,2017,AL,162,75,87,739,826
SEA,2017,AL,162,78,84,750,772
TBA,2017,AL,162,80,82,694,704
TEX,2017,AL,162,78,84,799,816
TOR,2017,AL,162,76,86,693,784
ARI,2017,NL,162,93,69,812,659
ATL,2017,NL,162,72,90,732,821
CHN,2017,NL,162,92,70,822,695
CIN,2017,NL,162,68,94,753,869
COL,2017,NL,162,87,75,824,757
LAN,2017,NL,162,104,58,770,580
MIA,2017,NL,162,77,85,778,822
MIL,2017,NL,162,86,76,732,697
NYN,2017,NL,162,70,92,735,863
PHI,2017,NL,162,66,96,690,782
PIT,2017,NL,162,75,87,668,731
SDN,2017,NL,162,71,91,604,816
SFN,2017,NL,162,64,98,639,776
SLN,2017,NL,162,83,79,761,705
WAS,2017,NL,162,97,65,819,672
BAL,2018,AL,162,47,115,622,892
BOS,2018,AL,162,108,54,876,647
CHA,2018,AL,162,62,100,656,848
CLE,2018,AL,162,91,71,818,648
DET,2018,AL,162,64,98,630,796
HOU,2018,AL,162,103,59,797,534
KCA,2018,AL,162,58,104,638,833
LAA,2018,AL,162,80,82,721,722
MIN,2018,AL,162,78,84,738,775
NYA,2018,AL,162,100,62,851,669
OAK,2018,AL,162,97,65,813,674
SEA,2018,AL,162,89,73,677,711
TBA,2018,AL,162,90,72,716,646
TEX,2018,AL,162,67,95,737,848
TOR,2018,AL,162,73,89,709,832
ARI,2018,NL,162,82,80,693,644
ATL,2018,NL,162,90,72,759,657
CHN,2018,NL,163,95,68,761,645
CIN,2018,NL,162,67,95,696,819
COL,2018,NL,163,91,72,780,745
LAN,2018,NL,163,92,71,804,610
MIA,2018,NL,161,63,98,589,809
MIL,2018,NL,163,96,67,754,659
NYN,2018,NL,162,77,85,676,707
PHI,2018,NL,162,80,82,677,728
PIT,2018,NL,161,82,79,692,693
SDN,2018,NL,162,66,96,617,767
SFN,2018,NL,162,73,89,603,699
SLN,2018,NL,162,88,74,759,691
WAS,2018,NL,162,82,80,771,682
BAL,2019,AL,162,54,108,729,981
BOS,2019,AL,162,84,78,901,828
CHA,2019,AL,161,72,89,708,832
CLE,2019,AL,162,93,69,769,657
DET,2019,AL,161,47,114,582,915
HOU,2019,AL,162,107,55,920,640
KCA,2019,AL,162,59,103,691,869
LAA,2019,AL,162,72,90,769,868
MIN,2019,AL,162,101,61,939,754
NYA,2019,AL,162,103,59,943,739
OAK,2019,AL,162,97,65,845,680
SEA,2019,AL,162,68,94,758,893
TBA,2019,AL,162,96,66,769,656
TEX,2019,AL,162,78,84,810,878
TOR,2019,AL,162,67,95,726,828
ARI,2019,NL,162,85,77,813,743
ATL,2019,NL,162,97,65,855,743
CHN,2019,NL,162,84,78,814,717
CIN,2019,NL,162,75,87,701,711
COL,2019,NL,162,71,91,835,958
LAN,2019,NL,162,106,56,886,613
MIA,2019,NL,162,57,105,615,808
MIL,2019,NL,162,89,73,769,766
NYN,2019,NL,162,86,76,791,737
PHI,2019,NL,162,81,81,774,794
PIT,2019,NL,162,69,93,758,911
SDN,2019,NL,162,70,92,682,789
SFN,2019,NL,162,77,85,678,773
SLN,2019,NL,162,91,71,764,662
WAS,2019,NL,162,93,69,873,724
BAL,2020,AL,60,25,35,274,294
BOS,2020,AL,60,24,36,292,351
CHA,2020,AL,60,35,25,306,246
CLE,2020,AL,60,35,25,248,209
DET,2020,AL,58,23,35,249,318
HOU,2020,AL,60,29,31,279,275
KCA,2020,AL,60,26,34,248,272
LAA,2020,AL,60,26,34,294,321
MIN,2020,AL,60,36,24,269,215
NYA,2020,AL,60,33,27,315,270
OAK,2020,AL,60,36,24,274,232
SEA,2020,AL,60,27,33,254,303
TBA,2020,AL,60,40,20,289,229
TEX,2020,AL,60,22,38,224,312
TOR,2020,AL,60,32,28,302,312
ARI,2020,NL,60,25,35,269,295
ATL,2020,NL,60,35,25,348,288
CHN,2020,NL,60,34,26,265,240
CIN,2020,NL,60,31,29,243,243
COL,2020,NL,60,26,34,275,353
LAN,2020,NL,60,43,17,349,213
MIA,2020,NL,60,31,29,263,304
MIL,2020,NL,60,29,31,247,264
NYN,2020,NL,60,26,34,286,308
PHI,2020,NL,60,28,32,306,311
PIT,2020,NL,60,19,41,219,298
SDN,2020,NL,60,37,23,325,241
SFN,2020,NL,60,29,31,299,297
SLN,2020,NL,58,30,28,240,229
WAS,2020,NL,60,26,34,293,301
BAL,2021,AL,162,52,110,659,956
BOS,2021,AL,162,92,70,829,749
CHA,2021,AL,162,93,69,796,636
CLE,2021,AL,162,80,82,717,727
DET,2021,AL,162,77,85,697,756
HOU,2021,AL,162,95,67,863,658
KCA,2021,AL,162,74,88,686,788
LAA,2021,AL,162,77,85,723,804
MIN,2021,AL,162,73,89,729,834
NYA,2021,AL,162,92,70,711,669
OAK,2021,AL,162,86,76,743,687
SEA,2021,AL,162,90,72,697,748
TBA,2021,AL,162,100,62,857,651
TEX,2021,AL,162,60,102,625,815
TOR,2021,AL,162,91,71,846,663
ARI,2021,NL,162,52,110,679,893
ATL,2021,NL,161,88,73,790,656
CHN,2021,NL,162,71,91,705,839
CIN,2021,NL,162,83,79,786,760
COL,2021,NL,161,74,87,739,796
LAN,2021,NL,162,106,56,830,561
MIA,2021,NL,162,67,95,623,701
MIL,2021,NL,162,95,67,738,623
NYN,2021,NL,162,77,85,636,668
PHI,2021,NL,162,82,80,734,745
PIT,2021,NL,162,61,101,609,833
SDN,2021,NL,162,79,83,729,708
SFN,2021,NL,162,107,55,804,594
SLN,2021,NL,162,90,72,706,672
WAS,2021,NL,162,65,97,724,820
BAL,2022,AL,162,83,79,674,688
BOS,2022,AL,162,78,84,735,787
CHA,2022,AL,162,81,81,686,717
CLE,2022,AL,162,92,70,698,634
DET,2022,AL,162,66,96,557,713
HOU,2022,AL,162,106,56,737,518
KCA,2022,AL,162,65,97,640,810
LAA,2022,AL,162,73,89,623,668
MIN,2022,AL,162,78,84,696,684
NYA,2022,AL,162,99,63,807,567
OAK,2022,AL,162,60,102,568,770
SEA,2022,AL,162,90,72,690,623
TBA,2022,AL,162,86,76,666,614
TEX,2022,AL,162,68,94,707,743
TOR,2022,AL,162,92,70,775,679
ARI,2022,NL,162,74,88,702,740
ATL,2022,NL,162,101,61,789,609
CHN,2022,NL,162,74,88,657,731
CIN,2022,NL,162,62,100,648,815
COL,2022,NL,162,68,94,698,873
LAN,2022,NL,162,111,51,847,513
MIA,2022,NL,162,69,93,586,676
MIL,2022,NL,162,86,76,725,688
NYN,2022,NL,162,101,61,772,606
PHI,2022,NL,162,87,75,747,685
PIT,2022,NL,162,62,100,591,817
SDN,2022,NL,162,89,73,705,660
SFN,2022,NL,162,81,81,716,697
SLN,2022,NL,162,93,69,772,637
WAS,2022,NL,162,55,107,603,855
BAL,2023,AL,162,101,61,807,678
BOS,2023,AL,162,78,84,772,776
CHA,2023,AL,162,61,101,641,841
CLE,2023,AL,162,76,86,662,697
DET,2023,AL,162,78,84,661,740
HOU,2023,AL,162,90,72,827,698
KCA,2023,AL,162,56,106,676,859
LAA,2023,AL,162,73,89,739,829
MIN,2023,AL,162,87,75,778,659
NYA,2023,AL,162,82,80,673,698
OAK,2023,AL,162,50,112,585,924
SEA,2023,AL,162,88,74,758,659
TBA,2023,AL,162,99,63,860,665
TEX,2023,AL,162,90,72,881,716
TOR,2023,AL,162,89,73,746,671
ARI,2023,NL,162,84,78,746,761
ATL,2023,NL,162,104,58,947,716
CHN,2023,NL,162,83,79,819,723
CIN,2023,NL,162,82,80,783,821
COL,2023,NL,162,59,103,721,957
LAN,2023,NL,162,100,62,906,699
MIA,2023,NL,162,84,78,666,723
MIL,2023,NL,162,92,70,728,647
NYN,2023,NL,162,75,87,717,729
PHI,2023,NL,162,90,72,796,715
PIT,2023,NL,162,76,86,692,790
SDN,2023,NL,162,82,80,752,648
SFN,2023,NL,162,79,83,674,719
SLN,2023,NL,162,71,91,719,829
WAS,2023,NL,162,71,91,700,845
